id,track_image
1JVfJe7LQSePY6EyF1fBUX,https://i.scdn.co/image/ab67616d00001e02c728ec74d6b16d88d8e158ef
0cVrLxeQjiAcftuGzp32qY,https://i.scdn.co/image/ab67616d00001e02f413040f15547657eceb4d67
6sPW145Y3LSXd4p1LjBOcS,https://i.scdn.co/image/ab67616d00001e026b484c5fe1128f59f3a6a11f
10qd1qV1V08UqwYvTKyUQm,https://i.scdn.co/image/ab67616d00001e02e0dddbcfbbb48fea2516f2c8
6old0mA1IHi5lw2yLv3ri6,https://i.scdn.co/image/ab67616d00001e023400267d036e5577446bdaf6
5BYyEjrCDVqtppYcxsXqZs,https://i.scdn.co/image/ab67616d00001e02d32dc726921eec2a91f0efa1
6VhlpuO7w4KFm8rhIrHUQX,https://i.scdn.co/image/ab67616d00001e0260285db908ca5480dd8e2b22
46miMoblX9aliHgpLix86M,https://i.scdn.co/image/ab67616d00001e02770d13d8e3faef2430f23ae5
3spahFLlYT9DappCXaDdab,https://i.scdn.co/image/ab67616d00001e02500d27dd2186e5e60a4312f9
0Ilt3ks9TsVNV5g9tM2uW5,https://i.scdn.co/image/ab67616d00001e02af93e49098fc9a014ec93dda
4imltApCdS41e4PlreAxOE,https://i.scdn.co/image/ab67616d00001e029efdc5328fd2ec9a87317ce0
7acN9HaStRBkP2UTOOpQ9q,https://i.scdn.co/image/ab67616d00001e02a1996cb78524337e48fe16d4
7tMn4y7eBEMcUFIWZPaHCM,https://i.scdn.co/image/ab67616d00001e0273429ae3b8299d2aa950ab7d
3Vjfh7FoOIg6lRDsFNbVv7,https://i.scdn.co/image/ab67616d00001e02d62c8b69106e121790a5daaf
6Z8oU8xMOie24Cflh2Sw6p,https://i.scdn.co/image/ab67616d00001e021d95a687101bd4cd802c83a1
3c1tJAYgROZEdqRfm7Wsny,https://i.scdn.co/image/ab67616d00001e027de8959929372430846f570e
4Ndcwn2iAt1MdU6lpw24ZQ,https://i.scdn.co/image/ab67616d00001e02209fe72207e47be75b485904
40a42KKcVcnqT3Wz24INIm,https://i.scdn.co/image/ab67616d00001e023fe47f59d32de32cd6a2e65f
1Q3oZnMXBy55s8uFJmR1bE,https://i.scdn.co/image/ab67616d00001e02bd9f753ea2a011d2f4c5b5a6
5wHRzbzZhlrFClgnoeRXWW,https://i.scdn.co/image/ab67616d00001e026527c42cb292f33bb09cee51
0QcpmVsHY4b4aI8fn0QJo5,https://i.scdn.co/image/ab67616d00001e02360f9060f636e1dc2a6d36f3
5XXqpnR6zSzHMBrTP0s8Wz,https://i.scdn.co/image/ab67616d00001e021ead2ca8a05400ab4d96a6e6
2dnAqKYsZRuNVOJ9OVH7Ov,https://i.scdn.co/image/ab67616d00001e0232f43d2b7862589792370786
4Z9WowB5Q5B3VfqeTOOGrI,https://i.scdn.co/image/ab67616d00001e02beb86aa378bafb864157a642
3ntyAlz0WagkK3gdag2dFg,https://i.scdn.co/image/ab67616d00001e025e3f82f444bde202085eaec8
7tvkfackAg1CG9ULqsl1aY,https://i.scdn.co/image/ab67616d00001e023b953fafa6e2cb131a0ea6a8
1dmTEETgoWQVeNZb1g8dZc,https://i.scdn.co/image/ab67616d00001e02a92381244276bb228861a4b4
7s9J3C5WIeBBqzDmFBiGp6,https://i.scdn.co/image/ab67616d00001e02e9310dd402654bc5748e319f
6za4Yd70PSnqDKFFgILoyR,https://i.scdn.co/image/ab67616d00001e02ea96a680bc206daf6926d91d
1vzxYeTJ9dTtyJXkNWVJDZ,https://i.scdn.co/image/ab67616d00001e027de8959929372430846f570e
68YRDduKLy0DFKp2RWd9VS,https://i.scdn.co/image/ab67616d00001e02d1595efaa0df8caf9991a708
1oXvv9qbvwoQI8TQoDLyDO,https://i.scdn.co/image/ab67616d00001e02105a73df60d84f149d8ddb20
0shHjU8FQywKKiS7cY2JMk,https://i.scdn.co/image/ab67616d00001e024153362cbc03452127355954
5P1DKcq8u8OocO8rik8gnN,https://i.scdn.co/image/ab67616d00001e02d263acc3ea4d8e412b5093c9
7fu8lcM9N3rVjWZr9ky6Nd,https://i.scdn.co/image/ab67616d00001e025be7c669d660101c00b04bf2
1uX5Oj1HBuN6idCwH92uLH,https://i.scdn.co/image/ab67616d00001e02770d13d8e3faef2430f23ae5
7foXDAvMmPXL9C3NN7LVvZ,https://i.scdn.co/image/ab67616d00001e02c728ec74d6b16d88d8e158ef
6R0FwF48PO2BrdZpLeWi42,https://i.scdn.co/image/ab67616d00001e0274d12651cb5dd41c667f5fc1
7KQzBQAJShO2Eik8SUjOJT,https://i.scdn.co/image/ab67616d00001e02ae45c8e45e7d77a1c5ed8089
2J3f5MM1tBKVBeTIfK9hCR,https://i.scdn.co/image/ab67616d00001e02a1258f36d722c1908510cad6
6djRqSJNZnkuWYXQWaeCL8,https://i.scdn.co/image/ab67616d00001e0260285db908ca5480dd8e2b22
6jg8jLB4Fa2CJj8w4G4R4t,https://i.scdn.co/image/ab67616d00001e023a3028e1f178341155d7986a
5J8qgcy5mwrXFzL6wIz65p,https://i.scdn.co/image/ab67616d00001e02770d13d8e3faef2430f23ae5
7mMkw0JFKnyMS6oGRT6b3O,https://i.scdn.co/image/ab67616d00001e0297838a7eeb5f477cfc6707a5
2gp0OtnltLdrcNhKHVL2qM,https://i.scdn.co/image/ab67616d00001e02b8afa87d42948ca4765828c8
1CfSGXsUinrVYcJtXtHfFD,https://i.scdn.co/image/ab67616d00001e02431e4f19a5d057bd4f0f247e
7F6S2iyZaDS7AThJaHftJI,https://i.scdn.co/image/ab67616d00001e024c96da712ea5f33332c619c6
0b1lcVRorJ7tLOVlBt36kZ,https://i.scdn.co/image/ab67616d00001e02261de4984427aaf0a68b4447
6MnXtzaXUOYQ3SbPuqpZaz,https://i.scdn.co/image/ab67616d00001e02d32dc726921eec2a91f0efa1
3gWZ0Cwdz9GEd7aUrGlSv0,https://i.scdn.co/image/ab67616d00001e02809bf7d9ca23a1056904ed3d
0gJ6PFdfbktvZqzp2UfOKP,https://i.scdn.co/image/ab67616d00001e02fc76ade742b9288113a3e905
1pM9kwOy7CnjRNVzOHJ2kf,https://i.scdn.co/image/ab67616d00001e02d6d61e2620ffdf3f05173f84
7vGU4wZSbqkSu43p5BspXB,https://i.scdn.co/image/ab67616d00001e02081925cbed46523765d96acf
0JuaXl4QvqqaSAzjx9lFN8,https://i.scdn.co/image/ab67616d00001e025be7c669d660101c00b04bf2
4lvTfq817mnTPF2eibBdIP,https://i.scdn.co/image/ab67616d00001e02b423c04d4179a1c0ec0ea8af
3XGJj8skBY4XzSdFvyplaU,https://i.scdn.co/image/ab67616d00001e02f2ab03564b5a4f91a8d109fe
5b61qMMG0LjnwMDuvJFFqZ,https://i.scdn.co/image/ab67616d00001e02e9efee9ea3023ade6be25e6b
0DAGFNb2Mn8jYt69rcRnsY,https://i.scdn.co/image/ab67616d00001e02566ae73f2e86173beefe90a0
0evrVMLNS36UIeJLTd9cl5,https://i.scdn.co/image/ab67616d00001e02d999a871555ba63fd826c2ae
1Uxuizxwr1ODjC9RTiisz2,https://i.scdn.co/image/ab67616d00001e024f1bc490eb2fe072884b07ed
4KuoPOW1Oy3zJXZAW0d1if,https://i.scdn.co/image/ab67616d00001e02b78f9ef256d5e815f35d158b
0CEYf50fzCKm0BOQ2OIvBa,https://i.scdn.co/image/ab67616d00001e02b74384452d48e645d55e4c82
227H0itrOncqbv81OAxRqz,https://i.scdn.co/image/ab67616d00001e026eb2962bda91af6ed29ee8ff
48vEUc5MnUiqtrbclwVZPz,https://i.scdn.co/image/ab67616d00001e02d8358918401d89166ded258d
4sPItJEXKBQWxBCLf2S2Lu,https://i.scdn.co/image/ab67616d00001e02e0cb6e23d21ad2f9f597b64b
0bD9ov6Dxadjd08uH7O6rB,https://i.scdn.co/image/ab67616d00001e02cd3c73b4fdb8f518943190ce
0oph4fRwvEZPpioZvv44Cw,https://i.scdn.co/image/ab67616d00001e021ea64edfdbac8575ff13ab2e
7rU7uLC3OCfxCe7Hhh6FXj,https://i.scdn.co/image/ab67616d00001e02453744769f58164eb7dd90c8
4TaHkLfIC8dBNVRtBjSGe0,https://i.scdn.co/image/ab67616d00001e02654c3f73201c525a15be427c
0EGyPYULVxOWmsiWbjGd6j,https://i.scdn.co/image/ab67616d00001e023183b03a6fb97641ad2369bc
10fOnYaNwPEbbtKbX1Pfoc,https://i.scdn.co/image/ab67616d00001e022eafab74725e28b1d69c12f7
3iF1cjTreoo68TafjygwZB,https://i.scdn.co/image/ab67616d00001e02ff9fedb09c09fea02a7108af
5v5g63WRf632vG45fCErpW,https://i.scdn.co/image/ab67616d00001e02453744769f58164eb7dd90c8
7aqodq2XqGnNZmBneToUe4,https://i.scdn.co/image/ab67616d00001e021ead2ca8a05400ab4d96a6e6
12PNUTKhfwR8acdU7BjiXC,https://i.scdn.co/image/ab67616d00001e02c0c825a3162236107e426c27
3IGegElkFj0die1qiPgIrl,https://i.scdn.co/image/ab67616d00001e02aea11baafd7a55b2c0b8f02d
4SADcvcQZ1G742rhgy51oJ,https://i.scdn.co/image/ab67616d00001e02e3c345b473e5c5bd7526e0c7
6RXJKdpBp6AVL6H6sHyNp0,https://i.scdn.co/image/ab67616d00001e029b12a60b4aa9b911b00862e4
16ASkQZ0cTrSdUYU1TB2nt,https://i.scdn.co/image/ab67616d00001e02ed89ee1daac514744fb41054
7720npadPVyAQGYC3stVoG,https://i.scdn.co/image/ab67616d00001e021d8dfed413bef6530e400c58
6sAdmaffuMijDszeFrGF1H,https://i.scdn.co/image/ab67616d00001e0251c094617dd8c2bb0017ee25
3JHqj3WfflTssLpj1Ymsw2,https://i.scdn.co/image/ab67616d00001e02803e99ee30bb2d8169a3fa57
6H1hnJRQOGQ9djPL3jNu9G,https://i.scdn.co/image/ab67616d00001e0284e60191c6706523261a8bef
3fwcv1Wd0Ry35gvWiELG0e,https://i.scdn.co/image/ab67616d00001e02105a73df60d84f149d8ddb20
0jCZ3xX2xZTWMUnQMk1Vig,https://i.scdn.co/image/ab67616d00001e029e9d36d76fd684938168b28c
4lFEoEdxNTZhVX4MHTtDKY,https://i.scdn.co/image/ab67616d00001e027ddc3742af79136a517a773b
55OWBVrrcsWEqs56IG8YIw,https://i.scdn.co/image/ab67616d00001e0213b7a8eeb130eb275fb3935f
4cHcqxoq2T2K7VuCxmNhLt,https://i.scdn.co/image/ab67616d00001e02eb9936ad6dafff39c10bb0e2
6dqcGrdePY7RlV2gm7hTtN,https://i.scdn.co/image/ab67616d00001e024773c0170efaf20a22e61121
3djy8bjwOBaLvmyOcf4Ldt,https://i.scdn.co/image/ab67616d00001e02134bb5e086feab5482941c89
4jfAj6NGeoT38qbTetdMli,https://i.scdn.co/image/ab67616d00001e029eb775e9dc8eda4a4ffe1029
0uVrPeEM1Q02sbGA3zJ3CC,https://i.scdn.co/image/ab67616d00001e0224f3ca794c241a2673b8c9a2
3Ajj1eKaO0fg9YWeAE5vVU,https://i.scdn.co/image/ab67616d00001e0297838a7eeb5f477cfc6707a5
2XSbYlTReMn8uCYXRCXlUa,https://i.scdn.co/image/ab67616d00001e0275213effd2c7034dbd26ae14
07aADAqhVze8oPrzBil7FX,https://i.scdn.co/image/ab67616d00001e029cd6fde9d6ce596ebf44ee0f
1VCzFnkkhV7kW0JIjMgC3s,https://i.scdn.co/image/ab67616d00001e0275213effd2c7034dbd26ae14
4N8XgyWuHTDX4392ejqO0C,https://i.scdn.co/image/ab67616d00001e02b96eebdf3257a704fbdd79f8
6onBOISevJfkoUeZ0dae9M,https://i.scdn.co/image/ab67616d00001e02ff8a5417676f964942064575
5jXrULyYKHjkAMk4TXZFoG,https://i.scdn.co/image/ab67616d00001e02729ad68875f57912947255d5
3mAWmPMaHles5K0wH6ZtJc,https://i.scdn.co/image/ab67616d00001e02ccdc6d447adb386811428a44
3mgu1ZvnUUDDl2lDFdrKaI,https://i.scdn.co/image/ab67616d00001e023400267d036e5577446bdaf6
673hMqA9lH0s8NCxNDZ9EF,https://i.scdn.co/image/ab67616d00001e021661f91da453556864797ced
0cVVuXVtEj2TYBccsnc4yK,https://i.scdn.co/image/ab67616d00001e02579e22994fe227c529e33b16
66sc1fOHDnu9MxXuz7cXgu,https://i.scdn.co/image/ab67616d00001e026dd80337b66f471a85621515
3uQTcaoA52CUz0lDodLIXf,https://i.scdn.co/image/ab67616d00001e02a5bb1aa540f84e4a05e73d14
7gOLEgc9oDOObwKxJpPBY8,https://i.scdn.co/image/ab67616d00001e025234d8419de0ffdccc8c27a7
3BDvg6UiNEtYlC2If5ZAgW,https://i.scdn.co/image/ab67616d00001e027299d6ae1eeb26e5e27676d0
4dTKXJmJaw1bbMETtB0CNO,https://i.scdn.co/image/ab67616d00001e027299d6ae1eeb26e5e27676d0
6VVaDd6bf8jCS2FNu8xy1T,https://i.scdn.co/image/ab67616d00001e02a201f065827e604e441b30a3
1rMuC0v08MocBqVhDaIfwy,https://i.scdn.co/image/ab67616d00001e02cd2cd109be9cbcf31bb3e3c7
3ebSznljltY5w7kskNlhma,https://i.scdn.co/image/ab67616d00001e02be0ec0d1eaea7d16a390cbfd
4beibTdsFNXHq7bosci34R,https://i.scdn.co/image/ab67616d00001e02accd0eecb1c8299bc0eeaa31
6t7XOZk8Hv07QJOZVHekFv,https://i.scdn.co/image/ab67616d00001e02e46bc1bbb1b155320e65b2c1
7z2bC8u7rgJO2PCcj58Usd,https://i.scdn.co/image/ab67616d00001e02d6cf3b077ad6177ef271fcb7
1c9KP5bpnMRVJs20ONXa5a,https://i.scdn.co/image/ab67616d00001e02ae45c8e45e7d77a1c5ed8089
7pUAmaX1dW5u7sBWQWzEPr,https://i.scdn.co/image/ab67616d00001e025db9a5994534b00e3ece84a9
3Yt7spoHQ3ltWuBBgYmdO6,https://i.scdn.co/image/ab67616d00001e02420e19b9b227b01b23c8d413
6XeJ4zrJoEGr3jbgO6duJl,https://i.scdn.co/image/ab67616d00001e02601a64db685995865ff18b5a
1hg7ancePCUuXB2993hbZU,https://i.scdn.co/image/ab67616d00001e0273429ae3b8299d2aa950ab7d
3PVs9mXTYyRGPpLi4elnKq,https://i.scdn.co/image/ab67616d00001e02b2aa9e9104987ff6bef1b8ff
1t99uhmctVeG4FbC5giRCM,https://i.scdn.co/image/ab67616d00001e02f2ab03564b5a4f91a8d109fe
7EZfb3bKCHm2Bekdpj7cIO,https://i.scdn.co/image/ab67616d00001e02cbb852c7ef0daf9f87816138
7fgUgCAG4g79oGwJFqM7h0,https://i.scdn.co/image/ab67616d00001e024ad31a42dd193090f0a141ba
12jgnybUXQYVIIQezDbwDJ,https://i.scdn.co/image/ab67616d00001e02c209f53b423d463e2778f2be
4WAZUEvnvH8j29lvCP9tBr,https://i.scdn.co/image/ab67616d00001e023c85ad51346ddbae858af8b8
33URgXLE4IQdDSyG4zc4MY,https://i.scdn.co/image/ab67616d00001e024773c0170efaf20a22e61121
2h0HT7nycVvIite5nlSCGM,https://i.scdn.co/image/ab67616d00001e02ea96a680bc206daf6926d91d
5HmfZiIFxtOO1Zpoofg88q,https://i.scdn.co/image/ab67616d00001e023c109ff8173d9ef320d90058
1qQWleBKx8FGfgW1P87lYu,https://i.scdn.co/image/ab67616d00001e0275c06b8007fc49ed172b2786
0HIzQ9A1jkWCeo8PRs8M3L,https://i.scdn.co/image/ab67616d00001e02714ff71e84025c4118cb5ef4
5HU2HTItebi29Gog14P9Ix,https://i.scdn.co/image/ab67616d00001e028d7764c625c31186a8d4de89
6hhcTYXTdPwy09MHbxb71h,https://i.scdn.co/image/ab67616d00001e02962cd33d113c87ba45bb9340
6kUJ5WTGzmpr3IK4fUlUTX,https://i.scdn.co/image/ab67616d00001e02bed7cdf8d065190c1264789c
6nsoWnqvuQ5RLk0rEHXfEd,https://i.scdn.co/image/ab67616d00001e023308d67180f5ed044af43378
3hw1iGc2WAhHG4DFPcu80r,https://i.scdn.co/image/ab67616d00001e02a48ce77419d7545cca941e7a
27kBsV6kTd88QA3aR5Lzs5,https://i.scdn.co/image/ab67616d00001e025be7c669d660101c00b04bf2
5vfE5CcHsU6k1nOWkF6HMI,https://i.scdn.co/image/ab67616d00001e029b12a60b4aa9b911b00862e4
5kVjNlwI6vDvbuYJohhUqh,https://i.scdn.co/image/ab67616d00001e028f025edf318a9216f69e0880
4GRaZZ6LgNDJ1vNb1MGdKC,https://i.scdn.co/image/ab67616d00001e022a5e54fcfc8a1c27efdfb502
57C2emenhsov770NmD7Y6R,https://i.scdn.co/image/ab67616d00001e029f6a500019c5477eb861c22f
4Q2ulAxP62EOIXmdAVUh1w,https://i.scdn.co/image/ab67616d00001e025f628844c2a8a4a2c4b6699c
7eF7veEsHm4o9KnIiiC4YC,https://i.scdn.co/image/ab67616d00001e02ed05483c162c4f40ec3ee9f1
6FMejF2EAWQlgGBRNyptbg,https://i.scdn.co/image/ab67616d00001e02d408a5daef71d047c4928380
7okc2ziaSB3OhiFWc2e1Yj,https://i.scdn.co/image/ab67616d00001e02d263acc3ea4d8e412b5093c9
5NhE0oEUVyXyoKDY5UKSKs,https://i.scdn.co/image/ab67616d00001e02e320672b4585fd0d2768a1ff
6qVuHpu777IrbiGtEs0e46,https://i.scdn.co/image/ab67616d00001e02dce62cfa6d59d4f98182ca6a
17l4dtRxpVJXd16M6vV9gF,https://i.scdn.co/image/ab67616d00001e02bd78737e178f27afc5315dee
3Ucp8PolaJxPBpq9KyJSMr,https://i.scdn.co/image/ab67616d00001e026a58ef6a3be97c7d3e43b719
7JDuaiXpNxE0SGlGQIrGMy,https://i.scdn.co/image/ab67616d00001e02a591472e6968e41cede6c706
0dXGBzRaVNpffVXv6ZgSBs,https://i.scdn.co/image/ab67616d00001e02cd4b597d4ab359d5075e04c7
2pVhdZhfbxlgdpRQND9fU4,https://i.scdn.co/image/ab67616d00001e02965e532e70b5a03b4c7b3179
5Yxi9OKBDUGDL5YQwtspJW,https://i.scdn.co/image/ab67616d00001e02a201f065827e604e441b30a3
5IEBIUuW4kJ7Fv2zW0Iffm,https://i.scdn.co/image/ab67616d00001e0282ac2fc1835cc6c45bff58a1
3eVkn2lYFVq8vZNDR0gf1Z,https://i.scdn.co/image/ab67616d00001e029aaf33eabf53468f161ca1de
3qTNm4Mta37YmEcLeQcdw3,https://i.scdn.co/image/ab67616d00001e024153362cbc03452127355954
3Okg2J7WlBjMdHK39wNUd2,https://i.scdn.co/image/ab67616d00001e02007fc92c6db4988b84278c2f
1k7j7iiq0Pta3Lwh5D3naD,https://i.scdn.co/image/ab67616d00001e02a06a05538aa033ffc0f4c439
3UvhHmgdxcQBFpVkGtFcNc,https://i.scdn.co/image/ab67616d00001e02d2a5d889cdd9b4ba771363ac
32KMrt2JQ9RNA6DztnSsed,https://i.scdn.co/image/ab67616d00001e02b9ba6b93d2cd558a4e80158d
7sjmWyrZfFschJT51r7oLv,https://i.scdn.co/image/ab67616d00001e028f9b396b8da4f981a6af95e9
0j6br0IKvYD1SyVDK3z6vo,https://i.scdn.co/image/ab67616d00001e02c033f23b19a4cac1fd62ea03
4IW5UQfqttcJF7yTwVUCvn,https://i.scdn.co/image/ab67616d00001e0292be8953620afb28115cc8c3
0J4aNOziXZL7uuDmCVB6yV,https://i.scdn.co/image/ab67616d00001e028e4daf02e64cb8f58b59189a
02kmR5iBEtrtb7kneP6bn0,https://i.scdn.co/image/ab67616d00001e021a6d59432e6b04c7db00a067
6jX3m7Odpssvxbw76Jaica,https://i.scdn.co/image/ab67616d00001e02a3dac982ab24522a413daf4b
34jOQQkZnyo4v5k0T8PD67,https://i.scdn.co/image/ab67616d00001e02d408a5daef71d047c4928380
1DDvdtL1TSHJWovquKyWVe,https://i.scdn.co/image/ab67616d00001e022e31385d0849f05963f58811
5zlnj81hq0LuJHIPUkJO6q,https://i.scdn.co/image/ab67616d00001e02a1b7f6c0129ee7bdf0671767
72L76gSR9yAkjSRlsj15Sz,https://i.scdn.co/image/ab67616d00001e026eb2962bda91af6ed29ee8ff
19D5VyqRPp6C1qvVW19kfj,https://i.scdn.co/image/ab67616d00001e024773c0170efaf20a22e61121
0NGgAClc9vpEDvTlOjKmcH,https://i.scdn.co/image/ab67616d00001e025057a1395a5ce6c71fb28ac1
4oGe5mXMcbtz2Xuxy7eFVZ,https://i.scdn.co/image/ab67616d00001e02e64fbb58d158ee9ac715b157
0gCIDlltlOrR6ZrUJfkC0r,https://i.scdn.co/image/ab67616d00001e02a201f065827e604e441b30a3
4HDzsx1dJKbuL0YkffBuBm,https://i.scdn.co/image/ab67616d00001e027f321a49a5fd18e4b2258118
2OdCCV8SnRZ1VfbZ0yLWKA,https://i.scdn.co/image/ab67616d00001e02b78d4b83e451d398368ffda2
15VRJdDC6sN3YTc1V1Ul5k,https://i.scdn.co/image/ab67616d00001e0245c1b7a7b188f745c500b350
2wUB5GAkTNHno9Y7zyrDON,https://i.scdn.co/image/ab67616d00001e02cfdc5b9a69f1da2fc16ac365
4u0jwN8D3867F11NOQEiXK,https://i.scdn.co/image/ab67616d00001e021ec2177c58394a5e09b0082f
5dQR15IPbFDhTVwjfZgqR0,https://i.scdn.co/image/ab67616d00001e020cd2d21381d092ae6233ea5c
6K3fnk9rMPsl7YDIOLocgT,https://i.scdn.co/image/ab67616d00001e02c19f920976fae976b485484b
3ba367TcVcRX5EE42ND5am,https://i.scdn.co/image/ab67616d00001e0208b6c1a5fa4008ff3811d36d
09vS2UlBQ01x90duQw5VJa,https://i.scdn.co/image/ab67616d00001e0248a634546c8519edb981d819
0MwqV9joEHs9YyubpsLOMC,https://i.scdn.co/image/ab67616d00001e02c1e96af8ecf2cb2be3cff951
341bcXIfpjpGEIgQt00QIj,https://i.scdn.co/image/ab67616d00001e02959b55b15fec721dd550cb70
15f7yW8BPqhrocu8WII42k,https://i.scdn.co/image/ab67616d00001e0283d39c619a670b5b3ebeb9c0
1AbSrAwrzuC3FcDXoYi3ED,https://i.scdn.co/image/ab67616d00001e0299aa1a7878bfb3075d81ebc6
6gZEAMe1MEgIEJiFeHc8TI,https://i.scdn.co/image/ab67616d00001e020ae618cd738a7716255128f2
6I1nER2VxG6uyodGFnVswe,https://i.scdn.co/image/ab67616d00001e02b97ff6e719e205196cbc0b2c
1lqdPJz24AiFWeo3arwPXR,https://i.scdn.co/image/ab67616d00001e02360b04bb0a79239fc91f2ffe
0EgF9Aer0o9Vyp7t9uIFhX,https://i.scdn.co/image/ab67616d00001e02bda50aa9a92f562c75c9031c
201a7QRq2P5Edi2cAv68hJ,https://i.scdn.co/image/ab67616d00001e02d74e9f031df2559ba8f5f6ae
6EwRpLL5QThnF2k1sZzQpC,https://i.scdn.co/image/ab67616d00001e02ca041663617f8a76265824d5
6078vTOfNPOHZDuyzzsMLx,https://i.scdn.co/image/ab67616d00001e0243fb431b583797bf5a9cb043
1NyK6HEYrFuA6nNwEaCOai,https://i.scdn.co/image/ab67616d00001e02c0132c8d4d2f6787dd2df638
2iDdVQEn36Vy8kuePwU8DZ,https://i.scdn.co/image/ab67616d00001e02d465940b8fa32adc389ef71a
6Eon1DjI712yg69mi3MsAd,https://i.scdn.co/image/ab67616d00001e02b38e49885c59475828bae04d
0rmFz3iFgvMGxEWv5YZRJT,https://i.scdn.co/image/ab67616d00001e02d1595efaa0df8caf9991a708
39Gy68wxBfGhNzu8Lrj7mB,https://i.scdn.co/image/ab67616d00001e0234256f1346674f33792a80fb
1qLS9qBGi20RzxHvUtCE9Y,https://i.scdn.co/image/ab67616d00001e0252f1fce4c87385ab5a30dcfc
4Qu1iqZ91prSvXiUmwSNLj,https://i.scdn.co/image/ab67616d00001e0243fb431b583797bf5a9cb043
7tJGaSRRCdqGEDO5QWfvXD,https://i.scdn.co/image/ab67616d00001e0210c2ac99ceb67387c5a2511d
4c6PLDGFt3Evp6Q37ljrXI,https://i.scdn.co/image/ab67616d00001e02062d3faccfcbee2ff4f250ac
31qVBkJJd48frcwBgIkBqF,https://i.scdn.co/image/ab67616d00001e021a409ab4d25a212889d35400
6jm8EyuRN5Xv30aUNcxpq9,https://i.scdn.co/image/ab67616d00001e02a869c55af6e3d5d5e7d8076e
3Pck8BQhJkHa1Y89x9OTld,https://i.scdn.co/image/ab67616d00001e029d0d3fa9b30df1907033e1f2
4lyRr1xZ6VNq9Bh7Ybg51z,https://i.scdn.co/image/ab67616d00001e026527c42cb292f33bb09cee51
7mLEUzAulFygMchoGMrP8E,https://i.scdn.co/image/ab67616d00001e02809bf7d9ca23a1056904ed3d
1ANpXnuYKd5Io7AlaxFd3j,https://i.scdn.co/image/ab67616d00001e025bbc5d3dd8aec80a0368f527
0TCoYdIgo4UUUzUfTkCzfJ,https://i.scdn.co/image/ab67616d00001e02dc32d5bcdfc25f1718252197
3YxK4m96nKH7Vw3vX1B04p,https://i.scdn.co/image/ab67616d00001e0288a603e546fbef60d5ebc16f
2je4OQQQHeZmgxMd96JCTF,https://i.scdn.co/image/ab67616d00001e0208f8715714e933ea62468cee
0zRMoH0hVNGD6p7pvIwLAi,https://i.scdn.co/image/ab67616d00001e025011a2e5f09c0f3edc81c402
2cFWFZDESQC4XLJv7C6FEr,https://i.scdn.co/image/ab67616d00001e028b895bdb8ccefee6ab65114b
5SSLizqD4cz0l7xZ3EB8Qt,https://i.scdn.co/image/ab67616d00001e020e1d037af413b77608ed1e13
0TVY0y2TlWf1ucKtIHHvsQ,https://i.scdn.co/image/ab67616d00001e024dc0e69c584e8c5e403858ac
5pLs5aWJAn2TWY0GiyAEu4,https://i.scdn.co/image/ab67616d00001e027e1ecd8f18512c5a5dd076f0
0a43HkRlLFjCuZGC4LZiOq,https://i.scdn.co/image/ab67616d00001e02f80a9e22cc82b3b2038fc692
7tPffs4Uq0NzaYk0WoUPEe,https://i.scdn.co/image/ab67616d00001e02827191d50a91c40976efa834
1SGma9zJZAmVVexsXuaey2,https://i.scdn.co/image/ab67616d00001e0208c4de5ee23de2b849fce7e5
7yYIwPuFJjvg3aitHCbIi3,https://i.scdn.co/image/ab67616d00001e0211b1ed265d37b140551b6700
6ARiMQSRtNnMGgdRLYGyBH,https://i.scdn.co/image/ab67616d00001e02525d8e3f9a350317044472cd
2TyThiy0ll1Iqe0hNc3JIK,https://i.scdn.co/image/ab67616d00001e0212b3ae6c663db6a888374985
491DwnBb3MA8RzyA2E0Skt,https://i.scdn.co/image/ab67616d00001e02f250602224bc05971554a3b3
2TGpmLDaZh1fawEzTgMVP2,https://i.scdn.co/image/ab67616d00001e02547f1852bff18af4d9e318f7
4Lm0D6ituSgOi1AXLhUqcx,https://i.scdn.co/image/ab67616d00001e02a45f4c5d7a223a37531863c6
1lZhjDMWbleTegwRsouVQK,https://i.scdn.co/image/ab67616d00001e02587e24ee2063e86d78c3061c
2NYCYbAqvswkiGyceZlmyb,https://i.scdn.co/image/ab67616d00001e0275213effd2c7034dbd26ae14
19nEFsswIftvopxVMUAM9b,https://i.scdn.co/image/ab67616d00001e0299aa1a7878bfb3075d81ebc6
4pFs70p0MWLJykFBNFSEXD,https://i.scdn.co/image/ab67616d00001e02e20b1a3616a63389641ff9a2
02muKUwnb3EMhyZuhpI4g2,https://i.scdn.co/image/ab67616d00001e02db50d73610eafe977257adbb
3QP9iTBXtJDPfS2GrfPTBN,https://i.scdn.co/image/ab67616d00001e023fe47f59d32de32cd6a2e65f
6CuWTMFQlDlUcFmTirs9Bt,https://i.scdn.co/image/ab67616d00001e02250b42c2a426ac197f32aabd
4kVFmRuGLoKhJQrJjaVAX4,https://i.scdn.co/image/ab67616d00001e026e8a1098719aaec510733d07
5OTZqueLrXwYBYqqJWsLlV,https://i.scdn.co/image/ab67616d00001e0287b8c0e49c5467334daa6281
6YDJ4XEYgW0jbn8WDZCfsB,https://i.scdn.co/image/ab67616d00001e02062d3faccfcbee2ff4f250ac
30t34PoGIdWIMueF3a74MP,https://i.scdn.co/image/ab67616d00001e0287b8c0e49c5467334daa6281
1djdeUAE0hT4fvkE8tJRHB,https://i.scdn.co/image/ab67616d00001e02fab0ad2e4c39d49ac00f0ab8
3MJk5YJszXWtoHUgX1E1hF,https://i.scdn.co/image/ab67616d00001e02cd2cd109be9cbcf31bb3e3c7
2tcetxJ9ApZKQXSadHi6fc,https://i.scdn.co/image/ab67616d00001e02cd2cd109be9cbcf31bb3e3c7
6487Whz2gRjO9EpQrAiHSi,https://i.scdn.co/image/ab67616d00001e0200c2ba1dc98f28c019c107c6
78Q87OFdx5xRrAgKoBy8hQ,https://i.scdn.co/image/ab67616d00001e02d37ac0bae64a50414c95c707
2feAOIfKfoF22T3nP8O9SB,https://i.scdn.co/image/ab67616d00001e026021d7bf2d21c7f7c4c54904
6PmFCzYt9fJlh1MlKLcpFs,https://i.scdn.co/image/ab67616d00001e0212b3ae6c663db6a888374985
0q3HDmvVgv4JqoXIAtEGTd,https://i.scdn.co/image/ab67616d00001e0245c1b7a7b188f745c500b350
0icg8qRK3vUQcHeAV1HV1s,https://i.scdn.co/image/ab67616d00001e022b076672a74521f49cd200cc
4Po7aYhVclPFmioJoBBI0t,https://i.scdn.co/image/ab67616d00001e025d6231fb61b0ff2cde776d3a
7hfwZBPyr8njVqnWtA8xNI,https://i.scdn.co/image/ab67616d00001e02e21201d2afa1618e4d185a76
4kkpYlxWppgpJ15WE17ine,https://i.scdn.co/image/ab67616d00001e02f91787f121ccab05d5d3fa5e
0zwwS5Cd5NaI7WWBpC8blM,https://i.scdn.co/image/ab67616d00001e0253ec41b764fb49ce323b747c
1NXvkDUmCu2sDEZjeRFKle,https://i.scdn.co/image/ab67616d00001e020402f1c4fb3a4d7a898c7e5c
1NSV1UUukcgQc3eSiS02zK,https://i.scdn.co/image/ab67616d00001e0271a88b46ca8883086d5f48e6
4kAV9kDMKV4MXGFWTlqbCq,https://i.scdn.co/image/ab67616d00001e0289251940dd4340cf8bb6ade7
05LxZl9PXxdUbQGZgFuuBm,https://i.scdn.co/image/ab67616d00001e0257ad5f85418fedd21be75ae2
0n6fEH7h3h3Lt3UMeUQqlB,https://i.scdn.co/image/ab67616d00001e02f55257c9a3e338fd379a854c
4lCUXuB3197yLbeitMRVMq,https://i.scdn.co/image/ab67616d00001e025bf40545687365ff4f55c93e
4VOo7QNw4Flge3o0moKwRB,https://i.scdn.co/image/ab67616d00001e0265db933a54ca6d8142df8932
2ySjI0ZtA0aZJkJvtUclTc,https://i.scdn.co/image/ab67616d00001e023adcf2a5c9441a504e869f9c
7xsjyxtTR5aXwWaNjhBoS6,https://i.scdn.co/image/ab67616d00001e02ae00477a0625e6d0f729c82a
4Jx9JX7oeFCUQ63tGLHI7n,https://i.scdn.co/image/ab67616d00001e022eafab74725e28b1d69c12f7
5sNgQpF1T7GBjTvPmyPRxk,https://i.scdn.co/image/ab67616d00001e021661f91da453556864797ced
6fXwGmqxa8AAN839uHwhAd,https://i.scdn.co/image/ab67616d00001e02c0492ea941b0a0acf8119397
3BA7DwnFY3wo2P6vtTpcvm,https://i.scdn.co/image/ab67616d00001e0299b3905d4d533dcd96bc9b39
7v9FMYRAHgjMzTr4TVLHqn,https://i.scdn.co/image/ab67616d00001e02c55061ebd8df22ee28e113fd
7gwuIhFmNaf3wcRWG1WadD,https://i.scdn.co/image/ab67616d00001e027ad03b464912073101d24710
7D1PWaomRA5xYhJOd0jZCt,https://i.scdn.co/image/ab67616d00001e02081925cbed46523765d96acf
4lZ79zFMKI1KtwtG05dJlB,https://i.scdn.co/image/ab67616d00001e02899981a7b34fa0365bbc828d
4zfZi4L6lsf152iSWZo40Q,https://i.scdn.co/image/ab67616d00001e025234d8419de0ffdccc8c27a7
4gvosBEwPcKZfcX3Qf9vgt,https://i.scdn.co/image/ab67616d00001e02da4c04f797bb91f36af2adf4
2ZsBLNCSUJK0eaAe8FZuPL,https://i.scdn.co/image/ab67616d00001e024c96da712ea5f33332c619c6
7leZvkSK0HCGJAFSOaaqpA,https://i.scdn.co/image/ab67616d00001e021e5f14a041de3d6cd339ca86
6buyP7djuCwQVPKKb5szXA,https://i.scdn.co/image/ab67616d00001e02c6455772e24906d44135d7db
6h4FmUH2eQGKnT8pgHWVIP,https://i.scdn.co/image/ab67616d00001e026b484c5fe1128f59f3a6a11f
1RELi2PAALieeqYmhWYPkb,https://i.scdn.co/image/ab67616d00001e0218f55788e79b8ea9bf7eaf98
4y0nwFt3jXGDLsAYrV8nPd,https://i.scdn.co/image/ab67616d00001e02e4845f1e93fc8c3ac53854ef
0rdoUuXiHKsxhSdyvh7mAH,https://i.scdn.co/image/ab67616d00001e0233f1f3c768770467dfb9835c
0MpqVEPCxYKxKgEAXvAHyf,https://i.scdn.co/image/ab67616d00001e02b7c6716933264b6be40ed2f1
5bevVJ1zMWutZ3rQulAp62,https://i.scdn.co/image/ab67616d00001e026527c42cb292f33bb09cee51
0vuLdpY7tcUQcar7W7abYc,https://i.scdn.co/image/ab67616d00001e02a9fa9aa9390b99b041defb36
3z1AkV8bXYIzoL6QFUw3ea,https://i.scdn.co/image/ab67616d00001e025011a2e5f09c0f3edc81c402
617Ga6KFEfS8Oe8tWbCjzt,https://i.scdn.co/image/ab67616d00001e02b6ff8c486561625dd90f8564
5b7EnpWDK0LAWUXZlq1Lu2,https://i.scdn.co/image/ab67616d00001e02cc9a193e3a715f1cf73fa4cf
4b5m9ozBsFjIhDbg0IRpbL,https://i.scdn.co/image/ab67616d00001e02ab124639a9edcbb6e772c5ba
2xGnsE5SHFprwNOXs90xBQ,https://i.scdn.co/image/ab67616d00001e025491f1a9c3b02264ef8b34f7
1uo92sjeCR9cSUf92uttdo,https://i.scdn.co/image/ab67616d00001e02601c31e376011784f5fcdf99
3GsjI9VtdK03BmwflRk4Y0,https://i.scdn.co/image/ab67616d00001e0278fe497f9fbaaf6a186ae3a8
2hO70Os24DY2gxAQeqmydb,https://i.scdn.co/image/ab67616d00001e0207aac0fb884c0b67cb222ddb
3ccGAaCTW9dt0x4I27sKOm,https://i.scdn.co/image/ab67616d00001e024747805114237e476c40db9a
0fGclndst25Qqy8j4u5De5,https://i.scdn.co/image/ab67616d00001e02c956570aa19c0b82b719fee6
3umai3byVVIwSfEZEUY7PJ,https://i.scdn.co/image/ab67616d00001e02f06fc429c88fd58835de00ec
2ZqzELrxZZyeTPSR7GZBH4,https://i.scdn.co/image/ab67616d00001e0261699895865af6c4cfce199e
38lQQdlbSMnHq3rjW9Vzhj,https://i.scdn.co/image/ab67616d00001e025553b3d07de7325715dea32b
6PDkbkVKBCMIwm1wlDhT3s,https://i.scdn.co/image/ab67616d00001e02abbe8497f69584ee3173133b
58ys6AEobZzd9e5ctW4Vm2,https://i.scdn.co/image/ab67616d00001e029ee6ee192046a6c6e667d63b
0nSZgFoPmko4OLfTNaHdCF,https://i.scdn.co/image/ab67616d00001e0242cdab442bea8500403d1afe
1VMXz8WddV7AUkUOY2Q90z,https://i.scdn.co/image/ab67616d00001e02cfdc5b9a69f1da2fc16ac365
3zxzzoxlYKkNIWaxMKgGNn,https://i.scdn.co/image/ab67616d00001e0276b765824888e522dd59de75
6bJHu2TZCO7TPZ7YOTgdlQ,https://i.scdn.co/image/ab67616d00001e02bcbe5978c61395e903969807
1kEBn42BGm8y3nQUjQvUve,https://i.scdn.co/image/ab67616d00001e02d496b47f528e298bdaacae30
7kJVLzF7COXgFVlKRaYwoK,https://i.scdn.co/image/ab67616d00001e023e72662b029c118bc20b822f
065Z2aaZ990VPUHM9kHbI6,https://i.scdn.co/image/ab67616d00001e02ad4310b14274d92348f87ca2
6mmGbsCqf5e8vxv1WodYIG,https://i.scdn.co/image/ab67616d00001e02e9310dd402654bc5748e319f
0ogQLrVggiaPUbHmRX5LqY,https://i.scdn.co/image/ab67616d00001e02e21201d2afa1618e4d185a76
2yDBeS1pUuX9ms5Y3ItIAf,https://i.scdn.co/image/ab67616d00001e02bc0b0dbd2c6041b691e474f6
20IW0u1ZTzvEDAhhVjVMsq,https://i.scdn.co/image/ab67616d00001e02398fc3cf882b5096d4951fa2
7xV3MCJ6YI3K4I6Jt1a9H7,https://i.scdn.co/image/ab67616d00001e0235e00bf518c28471731ee55c
2M8ic65G0VLkS6nEY53Uex,https://i.scdn.co/image/ab67616d00001e02819d40c7d46bf2cf31ee1b23
0249Wjt2twxjF96oTWgnkr,https://i.scdn.co/image/ab67616d00001e02a1b7f6c0129ee7bdf0671767
1MK6FCp06aF4wYkL0ggztn,https://i.scdn.co/image/ab67616d00001e02ecbc81fd96c9470f60f0283c
6n8gWl0tiqrjsrytd24prO,https://i.scdn.co/image/ab67616d00001e0235e00bf518c28471731ee55c
35cs2sZ24XIGequNBXfdpv,https://i.scdn.co/image/ab67616d00001e02a19cdda1305f8a0a0a59b4a0
1cQJQtjeclFkx0XAecXRg0,https://i.scdn.co/image/ab67616d00001e02cbb852c7ef0daf9f87816138
3kvvKv05CVHBVlbdCtERyL,https://i.scdn.co/image/ab67616d00001e02ad4310b14274d92348f87ca2
3oWdVmZSm0mNlD8Cn5X4BK,https://i.scdn.co/image/ab67616d00001e02d8d94e629559d1ee95e486b7
3Bg94E2bWz2yBp8MjLx9B8,https://i.scdn.co/image/ab67616d00001e02b575e54e8f1f6b90512642e6
7lnPyb6z3v6pXsC89K9g54,https://i.scdn.co/image/ab67616d00001e0292be8953620afb28115cc8c3
7azzyq35RefxY6Ng5uFbyO,https://i.scdn.co/image/ab67616d00001e02949f4fcf6046f65e8465ba2e
1Kahww4mHXIHEgLbaVUkIM,https://i.scdn.co/image/ab67616d00001e029a02561d3eadd800526e8a19
1MweVWw9VUgcUgxhTK8gfe,https://i.scdn.co/image/ab67616d00001e02228135345031e00c9ae6d7a0
3xPrsPOz6k3DvWCstjXDMu,https://i.scdn.co/image/ab67616d00001e02a5bb1aa540f84e4a05e73d14
4mDf0LNDfzT8w7S2nfix3m,https://i.scdn.co/image/ab67616d00001e02d39915196290d960cfa6c86c
5V0OfOcTMGySmVOQF1eZoF,https://i.scdn.co/image/ab67616d00001e023b3f333871289215ed1dd6d3
19AWhe8D911fAjq2Xp5aFh,https://i.scdn.co/image/ab67616d00001e02b976af0acfc82dd1525061b1
2uHWJzeMt3oLoRQSFWw3oJ,https://i.scdn.co/image/ab67616d00001e02136bc46508840429384fad6f
1PaxAUxLEVpi75l0nDtwu1,https://i.scdn.co/image/ab67616d00001e02542a1fce78b3c44b1b3e8f0b
5eGy8IrGS7OrbD7ZCGmrcw,https://i.scdn.co/image/ab67616d00001e02b8719eb9d8c54eefc78a225a
2436qFo91myUvcU2l1lVFI,https://i.scdn.co/image/ab67616d00001e02d36cce2b846102086852e642
3QjFIgGhcrPS4VjkIYOddf,https://i.scdn.co/image/ab67616d00001e02d65c528b6cc6b11836b7559c
35ao2ZiLc7e3Qztk0fGX88,https://i.scdn.co/image/ab67616d00001e022dded61c0291ac0ca9e43c2b
4sCcDvX30uu39ozvxcRsqB,https://i.scdn.co/image/ab67616d00001e023790f4a6ab5674708b8fa36f
4IUGuoJ41g5fLIqsO1MJoU,https://i.scdn.co/image/ab67616d00001e024f75d075ce6e7e9a68d593ee
6b84SSP7e5LwfvNPoDPshX,https://i.scdn.co/image/ab67616d00001e024a3406b24bb57108ec7d8c24
6s6evoMsDwWqjTvqbvbs5F,https://i.scdn.co/image/ab67616d00001e02a820f4022de5b6f1b6d460f1
4NQBqInyE7zvjIiP4j1dmy,https://i.scdn.co/image/ab67616d00001e02476dd4ecf104ced7a778eeb8
1VBkQidkoJXhQPJsAvSkNP,https://i.scdn.co/image/ab67616d00001e02ad479f565a60d4af1e7979e5
3JXi13LlcYzagKRNokd3Zt,https://i.scdn.co/image/ab67616d00001e027f321a49a5fd18e4b2258118
2DnfC8ghXPQgn1SKPCCL6S,https://i.scdn.co/image/ab67616d00001e02a92381244276bb228861a4b4
23bpCCVsTUKviTEfoy4tbM,https://i.scdn.co/image/ab67616d00001e02673ce5ba3c125470e36ecff9
6sewH6rrJZeM40FdCxbJP8,https://i.scdn.co/image/ab67616d00001e028179a92aae7f479eeea85541
4HBDcyTmazbfvNchzmKTC1,https://i.scdn.co/image/ab67616d00001e026a26bc2aa9fd8090e0525882
3afXqR9J58wEFEO0rXsjKr,https://i.scdn.co/image/ab67616d00001e0297dccb3f4c7ec9d78b11ffd7
18ONQnZsstfBATeq0yusPN,https://i.scdn.co/image/ab67616d00001e021d95a687101bd4cd802c83a1
0H1Uhrit1CxZzGBgsAz4at,https://i.scdn.co/image/ab67616d00001e0268db54c56c93cb6808f8bc00
7d1NhML57HjWc4yjis1CQX,https://i.scdn.co/image/ab67616d00001e02e34c0ec9908c31155625fd68
3KD82UwQKkD3wg1uwH9Y3L,https://i.scdn.co/image/ab67616d00001e02eb9dfd1650c1a8bfc6e0bf02
5JutbNkyQL9RlvmH8w9L3V,https://i.scdn.co/image/ab67616d00001e0288cc7bcfbff3683210d10d2a
0ML2QcCYL6SvTCCHOs9jDq,https://i.scdn.co/image/ab67616d00001e024ce89d75c440533c3979e159
2evwKEXIO4b6y7aOnkUvxu,https://i.scdn.co/image/ab67616d00001e0256e5a6a93e3505982c90dabe
2AG3cLGb2xSeeLptEy03jL,https://i.scdn.co/image/ab67616d00001e023d70fe1a78b7f9ee8edf94d9
43j6HmOjfcDAitCs8ih7vx,https://i.scdn.co/image/ab67616d00001e02baaaa946c8f1d442a0727ad9
1MZbccVLcsHx8jH4wcfbBs,https://i.scdn.co/image/ab67616d00001e02ce925c83e896bdac30f1ad6f
28zGTndSQj4JT9nCPHRoTV,https://i.scdn.co/image/ab67616d00001e02f35ae109fb3dc77c029f3474
2e8vTptdxr5mhP5W0t9Oal,https://i.scdn.co/image/ab67616d00001e02e0dddbcfbbb48fea2516f2c8
3vJO8q2uyz9wKM77aI1Rdo,https://i.scdn.co/image/ab67616d00001e029e9d36d76fd684938168b28c
4DjZ04u7d7rHqDs5pFcJSb,https://i.scdn.co/image/ab67616d00001e02ae45c8e45e7d77a1c5ed8089
4LK8863ScRhhT6hitFfBI5,https://i.scdn.co/image/ab67616d00001e02803e99ee30bb2d8169a3fa57
3ziTeNxBGUTa2UVL8O2ejC,https://i.scdn.co/image/ab67616d00001e029f6a500019c5477eb861c22f
7wGjloSR2Q94GDxDn7UOc3,https://i.scdn.co/image/ab67616d00001e02b097d2ecc89b8cac7688387a
1GzpqhgVQAadcV6w9qIJIp,https://i.scdn.co/image/ab67616d00001e025553b3d07de7325715dea32b
7AHKnQ6XB5l7GL4pTJWLZn,https://i.scdn.co/image/ab67616d00001e02477dcbc6195534f52cc8048e
1FPhg4xpllC5P8lBDLMmfW,https://i.scdn.co/image/ab67616d00001e02579e22994fe227c529e33b16
22j70a4klVj3X3zWTGOsfp,https://i.scdn.co/image/ab67616d00001e0297dccb3f4c7ec9d78b11ffd7
2FyWvKLqK8jpysuxQ228so,https://i.scdn.co/image/ab67616d00001e02e3c345b473e5c5bd7526e0c7
4ZbReiBhWXubimOlKm8PdL,https://i.scdn.co/image/ab67616d00001e02e34c0ec9908c31155625fd68
7gaysiOWpGoNQocrSwa1yM,https://i.scdn.co/image/ab67616d00001e025daa7c973a544addb9d004ae
4Uh41d7PlFHP2gCinJEWlr,https://i.scdn.co/image/ab67616d00001e020c4980f2442a69a01e29e7cc
6EB454nVg2u6sbeCvWAPej,https://i.scdn.co/image/ab67616d00001e025c073450ec8b1d4072b1ad3f
6A79kP682lpUXnwcl5575F,https://i.scdn.co/image/ab67616d00001e023d70fe1a78b7f9ee8edf94d9
7fec0UcxeHVe6kHIez2GSs,https://i.scdn.co/image/ab67616d00001e02e664e88f64af37fa51a00324
5ghbwjKyLxrD1Q8913TlgH,https://i.scdn.co/image/ab67616d00001e0257bb11d8eebff5c3de35ec0d
0srLmMJws5nv8d1n9qrtro,https://i.scdn.co/image/ab67616d00001e02bc3f166df9079e5fa40e0a91
4nSwWiwtieiNmRAjy9fEXN,https://i.scdn.co/image/ab67616d00001e02819d40c7d46bf2cf31ee1b23
7hMKAmUlUUYa5qEiHWK4bk,https://i.scdn.co/image/ab67616d00001e02d496b47f528e298bdaacae30
5jkH9Pgv28mW9ve6uGtohT,https://i.scdn.co/image/ab67616d00001e0237a8106ecd8980837831f3c9
2lOrPIWA114GA1OFEcHc8R,https://i.scdn.co/image/ab67616d00001e02d65c528b6cc6b11836b7559c
20dLgt3WQuNIVvHvUmnar8,https://i.scdn.co/image/ab67616d00001e024773c0170efaf20a22e61121
4KUQFOGTaHrggl3hfMoaAe,https://i.scdn.co/image/ab67616d00001e0278a66d1b99fce4ec68669654
6kekHWEQ4SyMe5EjYAlveP,https://i.scdn.co/image/ab67616d00001e022b223daa18828b39c7fe5dd8
0FTPiuMAGuvXVjeXh7g8ot,https://i.scdn.co/image/ab67616d00001e0299ec20cc62783c677f70312a
5KJSI1MjQeXEBHBYMjgP41,https://i.scdn.co/image/ab67616d00001e02453744769f58164eb7dd90c8
4vlMdXsRpAIXYggwbNHZSv,https://i.scdn.co/image/ab67616d00001e02812bfb4e32feb448e527e8b1
0zsA45R0SQPfqC5TyDOqY8,https://i.scdn.co/image/ab67616d00001e02ca041663617f8a76265824d5
3YfG9ch4qcYbDhwVtDuzQm,https://i.scdn.co/image/ab67616d00001e02cbb852c7ef0daf9f87816138
55mEN7iiqTNzWfYjF8QbQn,https://i.scdn.co/image/ab67616d00001e02e14ff870dc264e98a6d289b9
5QoCBy9eUHYkeWpEpzAud9,https://i.scdn.co/image/ab67616d00001e02e65a009ee1d734305681386c
6FJamQryHRITSdGXQFsWyg,https://i.scdn.co/image/ab67616d00001e027b5752405301a440b0316030
7gXkeV2BHU3eLOMtsWs6nz,https://i.scdn.co/image/ab67616d00001e025011a2e5f09c0f3edc81c402
6CVjjqFkLYwTuiK9vYmsyA,https://i.scdn.co/image/ab67616d00001e02f3b478a99cc050ef35c3e7a5
6S6DFMfhwIZYHUffVzuWOI,https://i.scdn.co/image/ab67616d00001e02beb86aa378bafb864157a642
23MwjnLi2vYwS9fBuWpIMb,https://i.scdn.co/image/ab67616d00001e02639466f4a77d701bf15efbe5
6wBXSf1chpnyXGOSvANs0a,https://i.scdn.co/image/ab67616d00001e02e34c0ec9908c31155625fd68
4I62FSgKZ9ucNajFmAu93G,https://i.scdn.co/image/ab67616d00001e02fe87dba43373adb50324e1d6
2sFMEMDRDoqnc0dJWZzkK8,https://i.scdn.co/image/ab67616d00001e02579e22994fe227c529e33b16
0If3UxapVCA0NUKgpJkpaj,https://i.scdn.co/image/ab67616d00001e02c8f85626cf23f8113c4e0ab9
1McaIKO8wDupIW1X11miFH,https://i.scdn.co/image/ab67616d00001e02eb0583db0a011dcbfc6a8b89
5SgReZZHzHj9mUzJWBBvr4,https://i.scdn.co/image/ab67616d00001e022318539f1b037d942fafa581
5cw259ZDliQcBsmuFQN4Vp,https://i.scdn.co/image/ab67616d00001e0293ce5ab2484ecdaf8e1bdf62
0b4C8AiF7eVbZCNGFrx1rv,https://i.scdn.co/image/ab67616d00001e02637963e3406623924f7065a7
6O9Y7nRXMHOsYt5ALfMyeU,https://i.scdn.co/image/ab67616d00001e029c569bba7da9527ecc2e5554
0xttqqTj7ZAGyVkfOYxQ4F,https://i.scdn.co/image/ab67616d00001e020d66934f5370419636c78f18
7eS07q4Ft2ySmiH7NalStq,https://i.scdn.co/image/ab67616d00001e025cf8c612f3050cf32eb53256
3l7JaDIJmWMpvcJqhTJjrk,https://i.scdn.co/image/ab67616d00001e0297838a7eeb5f477cfc6707a5
6vztfVJ1lTWe23YMNv6Pk1,https://i.scdn.co/image/ab67616d00001e02555862c7f059ba85617a68ee
2RB3zzgxWc2RRBaJOkSEka,https://i.scdn.co/image/ab67616d00001e02476dd4ecf104ced7a778eeb8
78R4fDeRrcoBIxL6uX4TnJ,https://i.scdn.co/image/ab67616d00001e02809bf7d9ca23a1056904ed3d
0tdLg7JSZf81seknzIEdlG,https://i.scdn.co/image/ab67616d00001e02620cc7a1bfb1ca69914c492c
50cVjabUOrghvK6QAXp7YU,https://i.scdn.co/image/ab67616d00001e02420e19b9b227b01b23c8d413
0qvPW7SLN6DJko6K1WYgpz,https://i.scdn.co/image/ab67616d00001e0252412a0b39aa53f37bda4da1
6J6j4L2Jzy9VmwWj71ORPU,https://i.scdn.co/image/ab67616d00001e0284bf06c4c932bca58e57954a
7frWUq8m2KNHx82TS6R5Rz,https://i.scdn.co/image/ab67616d00001e02b8afa87d42948ca4765828c8
1zAkNzJZVPrWDCnowb1vpZ,https://i.scdn.co/image/ab67616d00001e0235e00bf518c28471731ee55c
62KDpF0Hv7KJLZrrKXsz8r,https://i.scdn.co/image/ab67616d00001e029b12a60b4aa9b911b00862e4
6i5QcWVTuzM67pXgD9Q7Vw,https://i.scdn.co/image/ab67616d00001e023e184340e27d3cc7f0468032
5W5vPvu6DkmqdvJXfjvSvO,https://i.scdn.co/image/ab67616d00001e02aea503fb8d5b439f7fd47e64
2MwCoo4GeXpi8soWn9EiPo,https://i.scdn.co/image/ab67616d00001e020d66934f5370419636c78f18
0OgazYID6CUlSeiAoeuf5B,https://i.scdn.co/image/ab67616d00001e02d438f508eb6abc085439cabb
48ePgAy2q22QcFUPjUv53Z,https://i.scdn.co/image/ab67616d00001e025d1cd5f737efbc3402f3c522
7zEqY4oGrTVOx85VlRSymi,https://i.scdn.co/image/ab67616d00001e02476dd4ecf104ced7a778eeb8
4aoko7oeXhp6ZUvFUQ3VC5,https://i.scdn.co/image/ab67616d00001e029b12a60b4aa9b911b00862e4
48uvRujvX9cPvQh2W7GSKp,https://i.scdn.co/image/ab67616d00001e021d5959ccd9947d36e7ca9215
6oq9EhpHVx5XnCzRtWKFz7,https://i.scdn.co/image/ab67616d00001e02869295205030fe766e38a6bd
4tC9EKLTfmLEryGR2f7Wjc,https://i.scdn.co/image/ab67616d00001e020d66934f5370419636c78f18
54lWhyO1mesDCvdQXiafu0,https://i.scdn.co/image/ab67616d00001e02fc981d2682958c17cdb23ab0
1q5HD0cyUCbM0s4hQgbtN0,https://i.scdn.co/image/ab67616d00001e02bf1a72589b43683b118446e3
4bBvORgFl84qcZ1Q4LtMoN,https://i.scdn.co/image/ab67616d00001e021d8dfed413bef6530e400c58
5CzhbT0Ly1hcslbzAchwnx,https://i.scdn.co/image/ab67616d00001e0277758ffec34f7c1484d3d52b
5RP7NIFbpQHqPLTe5dpxet,https://i.scdn.co/image/ab67616d00001e0235e00bf518c28471731ee55c
5GUM2uDH9Ey4aSvKz1lIdG,https://i.scdn.co/image/ab67616d00001e02cde6aa9984ebb8498be4acef
5RR6Q4yCrbGiRCU5YbpNaY,https://i.scdn.co/image/ab67616d00001e02d6e24628df97e9dc817e625d
0j5PDjpBsLIEQdRVSoXFBv,https://i.scdn.co/image/ab67616d00001e027648a068e9518d1aaa15e1b5
0WHL8lFqnvkaoNFkN1tleZ,https://i.scdn.co/image/ab67616d00001e022fa89bc1f5608116d245a75c
42oIX5TcLNnOh0XhCgDmyt,https://i.scdn.co/image/ab67616d00001e02a4046d959070d48136bc5b71
1OSM2CKd2Add4R67mFTUZW,https://i.scdn.co/image/ab67616d00001e020955eac582a5eaa344fc2948
09Z6o1yu596HJAwWZxTz4m,https://i.scdn.co/image/ab67616d00001e027653c310bcee929732bd0efa
6qRiVOBexkxK4BxSt1j6rn,https://i.scdn.co/image/ab67616d00001e02487a5fa38bf29c93f168d56d
77Da7nPpG4Kfy2rPfVzOBU,https://i.scdn.co/image/ab67616d00001e028a4bcc5b32904d31ef615fcf
737TXp5R8umZixCDZgDY57,https://i.scdn.co/image/ab67616d00001e02b985531caa98ffbe03a1d898
6tTFcPV7WXFSckM8oQWBpu,https://i.scdn.co/image/ab67616d00001e02a4046d959070d48136bc5b71
5McHUo9Z2Yu7vYJFN601Eq,https://i.scdn.co/image/ab67616d00001e025011a2e5f09c0f3edc81c402
1s3GJmmFs9TfcwV8s6z1sk,https://i.scdn.co/image/ab67616d00001e028d9ca8a6d888718be3890663
3PMggPhqC6mhyekgNcaOMj,https://i.scdn.co/image/ab67616d00001e02e905e011805a5c75a28adfad
3cS4z3C1fmoU1jaHJGZoIy,https://i.scdn.co/image/ab67616d00001e02360f9060f636e1dc2a6d36f3
1L5jOr4vqumGibHTQtVwWq,https://i.scdn.co/image/ab67616d00001e02e9880adf2d476f7ff34824ee
65hrZPcYs8AlXbRl8375gO,https://i.scdn.co/image/ab67616d00001e027ad03b464912073101d24710
7CZYShn64kMixm8gqrTpww,https://i.scdn.co/image/ab67616d00001e023cabfb7bedc90282c17446e2
74IE3QmRR07So8TE0320Oa,https://i.scdn.co/image/ab67616d00001e02d31cd236fb472b93c0a0e6c9
1agEYXNhamNXNnsUZVRd9c,https://i.scdn.co/image/ab67616d00001e0208dd40733de6240df8b8ac8e
6XWQQoeqyHcQ0NlXt0iVDM,https://i.scdn.co/image/ab67616d00001e0237a8106ecd8980837831f3c9
4mOmWSdTmf6fSAibGWCKp7,https://i.scdn.co/image/ab67616d00001e022318539f1b037d942fafa581
3NzGZnT961NHnGyNCi9X7W,https://i.scdn.co/image/ab67616d00001e02cf01d6e6da3650e87497a9f7
0y7LTgTjnXbIFPE7TTs1Zo,https://i.scdn.co/image/ab67616d00001e0220fafbb4bcc11c2c76549d81
41R1Bncj65x9B6zL1z5BCp,https://i.scdn.co/image/ab67616d00001e0254a03148d453ee7c88526497
00DMv3gdOFGDBFZ0WuvtXn,https://i.scdn.co/image/ab67616d00001e02d90556e41555918eaa2959f7
3icLcQrZDpf4EriXXy9J6S,https://i.scdn.co/image/ab67616d00001e02650868d0e9891312edee16a9
5iXFBbApLVdTta1BrM3QTv,https://i.scdn.co/image/ab67616d00001e029eb775e9dc8eda4a4ffe1029
0e8TvtwBMmh89JHJrLdPB8,https://i.scdn.co/image/ab67616d00001e023f59cca4327cd2f8f0203a70
3CsMijWZuND9wiLCJOOIPy,https://i.scdn.co/image/ab67616d00001e0244f7727c5eeccfc9a339eea7
3unti8bdiV2N4wzFTtR4EF,https://i.scdn.co/image/ab67616d00001e02293055fbfea4bab8275d16c0
6NwEpX2JUWHVKWfDDfcqC4,https://i.scdn.co/image/ab67616d00001e020d66934f5370419636c78f18
5cfKBuE5XKtlaNOVjQwA9H,https://i.scdn.co/image/ab67616d00001e02b61a7d4c017c37ca46e19f8d
2x1R5G71p2UsLEQtH6gtdL,https://i.scdn.co/image/ab67616d00001e02ac67406fd8ccd3d46e486a2e
09d7oLdf8yepEkOh6XXRf3,https://i.scdn.co/image/ab67616d00001e022e8d7d7a163bf08f914b10a6
3FRLxtpSk9BxxnxdS6I4jq,https://i.scdn.co/image/ab67616d00001e021ccfb3ed0a533a426429fcef
3vxy9D4qd7TO4j6Gi2zmXo,https://i.scdn.co/image/ab67616d00001e02b8504efae4eb2430d996ecdb
3PzkxdshpgSkWrEeVqTsDe,https://i.scdn.co/image/ab67616d00001e02105a73df60d84f149d8ddb20
4tkSvA7zfuhwgHQbEeNEJU,https://i.scdn.co/image/ab67616d00001e02185a785dc8e94fef273cb248
5qGrY4iAi05Ej1yjfUUhNe,https://i.scdn.co/image/ab67616d00001e02c4f7a9747fd5545b2629b56d
47Cd4WP1ZOK8WXC68kqZ03,https://i.scdn.co/image/ab67616d00001e02be0933a48a011e51125012da
4jk5H0R3x6MDCLryHuHUN9,https://i.scdn.co/image/ab67616d00001e029d37d991ab01e3220953220a
4uSy3HJM1MaBk6IeehkSgD,https://i.scdn.co/image/ab67616d00001e027de8959929372430846f570e
4LIJn3SG7mCCNKQc6vyy5S,https://i.scdn.co/image/ab67616d00001e022eefa790026c5a32d7212d59
04NcPs5V6181I5hvUFY4Vp,https://i.scdn.co/image/ab67616d00001e02741a23d00edc05e3e54bf8bb
25SOVnk2agskqzqeKPcx2Q,https://i.scdn.co/image/ab67616d00001e0278a96ace966dd335eb2c4608
0f6cGe7JVOKXfTUZCvj43L,https://i.scdn.co/image/ab67616d00001e026eb2962bda91af6ed29ee8ff
4kTkRdy4L9kIP0TJAUWf2H,https://i.scdn.co/image/ab67616d00001e0292211e442bff16a5ccb90294
7uQlCXY5sxeyETkHZvTo0v,https://i.scdn.co/image/ab67616d00001e023400267d036e5577446bdaf6
6dZCuf6SGn2rh9q94JBLlv,https://i.scdn.co/image/ab67616d00001e02729ad68875f57912947255d5
1NBaEDpdvBB0m1LjLHLpJw,https://i.scdn.co/image/ab67616d00001e029869b24cc972ed2b94c0c866
2CZGdpVV9OU1TslQMvovj5,https://i.scdn.co/image/ab67616d00001e02a889537541bd2b9f767c697c
0L4WkSYDVsrNHywtNu42n5,https://i.scdn.co/image/ab67616d00001e027ca8347e2267a308293351fe
4yBnYuHh2ygMxtcoCUp6A1,https://i.scdn.co/image/ab67616d00001e029470697c2e251401017e91be
3THVNKs3bdQekA02kK1hWD,https://i.scdn.co/image/ab67616d00001e029e9d36d76fd684938168b28c
49KzsDrsY27UrTBp1bBIbF,https://i.scdn.co/image/ab67616d00001e02e34c0ec9908c31155625fd68
0JZPgDCigVlkSbKz16ec4l,https://i.scdn.co/image/ab67616d00001e025553b3d07de7325715dea32b
0TRV8DGlkEfVbTSm5byqsN,https://i.scdn.co/image/ab67616d00001e02132d90bb42b2dc3fda05dfde
5v4SXO5Rgul9W2L6uJqXEL,https://i.scdn.co/image/ab67616d00001e02da2962c17f81fd6c11a8a1b7
4PAAmb2Ulr5BlEfJNSPefY,https://i.scdn.co/image/ab67616d00001e02c2dfc28f7c436a0dd29dca19
3tLM80vuofz469H4BMAUPP,https://i.scdn.co/image/ab67616d00001e029efdc5328fd2ec9a87317ce0
70693JY8eUtdybBX30Imfb,https://i.scdn.co/image/ab67616d00001e0262fdb953c0ba06f0d33e65f4
31v5nWF1DsCwt8lzJWp579,https://i.scdn.co/image/ab67616d00001e02b74384452d48e645d55e4c82
6Crs0KY6mHL9e1YEKNYUAl,https://i.scdn.co/image/ab67616d00001e0264825ea84b58fdca08fa34c5
77iL1n3LMTKg6nxMcSklJA,https://i.scdn.co/image/ab67616d00001e029fb972f9e42e3df3885542b4
0Jd4bO2Yw65QXmpgiHpCgq,https://i.scdn.co/image/ab67616d00001e02c8b3537bb71736c639d59f87
0bJrdey1UUVlxgpFb7HnMG,https://i.scdn.co/image/ab67616d00001e02c8b3537bb71736c639d59f87
3EPxiSj3RsjMMdKCM7pthV,https://i.scdn.co/image/ab67616d00001e02fb28a69b4a27faf048a7b2d3
6ODsY8WoLemOLRiBKCXrPH,https://i.scdn.co/image/ab67616d00001e028be4e4ba64c74aa3a2f181d1
3So6w9DnGENWfuVGhi0Axm,https://i.scdn.co/image/ab67616d00001e024978a4319d4508c3cf2e6151
4I91lJWD0Fgbo1KQ0vHJlS,https://i.scdn.co/image/ab67616d00001e029d68f4c3c98d2c048721e113
1Ol7qjFFUb0IlXT5ufTyuB,https://i.scdn.co/image/ab67616d00001e02373c276beb216de3ed800539
0XEszhVD03RPvzEg4HhjpF,https://i.scdn.co/image/ab67616d00001e021187a531854a765f273b6da6
6BGQhFWAk9B4fgyDQtHnDL,https://i.scdn.co/image/ab67616d00001e021187a531854a765f273b6da6
1s2moIdYXoF2NYY1L6FOVC,https://i.scdn.co/image/ab67616d00001e021187a531854a765f273b6da6
34cVXueLfZorFVxgNunn78,https://i.scdn.co/image/ab67616d00001e02f8fbaa018953910ed71f5457
4VW2lcXFvOddF3GTWFBD2f,https://i.scdn.co/image/ab67616d00001e02f8fbaa018953910ed71f5457
6Xo9seDm8yCIjQ2uf8qKAD,https://i.scdn.co/image/ab67616d00001e02f8fbaa018953910ed71f5457
1hTCb3vpf1AcQxpxkuYxCV,https://i.scdn.co/image/ab67616d00001e02f8fbaa018953910ed71f5457
4PYPi2BGDqyBS2bbmzxGeZ,https://i.scdn.co/image/ab67616d00001e02f8fbaa018953910ed71f5457
5bxw840CWNWohFQVK3Fwp6,https://i.scdn.co/image/ab67616d00001e02f8fbaa018953910ed71f5457
2qsiLilyLR8oIVDdJkKXQc,https://i.scdn.co/image/ab67616d00001e02f8fbaa018953910ed71f5457
2OuBaJuGcbyTiowPTLzXOn,https://i.scdn.co/image/ab67616d00001e02f326c47e69f1cc06320dc4ce
3vli2UCALTW8ujkqWpiyk8,https://i.scdn.co/image/ab67616d00001e022dc9ff6fa7f7e1ad91f5e9eb
0Kg867sxWG55EJDto0CeVG,https://i.scdn.co/image/ab67616d00001e02f8fbaa018953910ed71f5457
2cTMKwjCbwuXCt36p2M3Vj,https://i.scdn.co/image/ab67616d00001e02f8fbaa018953910ed71f5457
6O4o7wNL8oasn1l7pic8pp,https://i.scdn.co/image/ab67616d00001e0277884b2570afddda475bc292
648oRMHWyP5AXrgH43IrUP,https://i.scdn.co/image/ab67616d00001e028de0c80c0a26861e1a74b1d0
6xUmxDEUkChNQBPBwoJgYq,https://i.scdn.co/image/ab67616d00001e02cfc7daa22ff550d6b3c3e420
6ltMrcbRcOhiFUBtHD0Fqq,https://i.scdn.co/image/ab67616d00001e020841dd29848d61fc18677506
34MfU7vr3q30AppyJPv1UY,https://i.scdn.co/image/ab67616d00001e02fd0eab0ac533bf3090abaa2b
3fin7HE9ni0SwBaNiG0G7n,https://i.scdn.co/image/ab67616d00001e020d97e9800760cbf9215c04fd
60C4d37nxyZ8BFaF7uv3nB,https://i.scdn.co/image/ab67616d00001e029a2cc67ebe837300e11fc6fe
6vvZ6zffrO1AEH0rIoMT5G,https://i.scdn.co/image/ab67616d00001e026a567a1c612bb9c3985a5a5f
3lAJ06nD1RyitHfwss6qSN,https://i.scdn.co/image/ab67616d00001e027f41c0c85e10ce786b7846d9
3ClsJPnz86ccD1Ms00Cgnu,https://i.scdn.co/image/ab67616d00001e02202ed49600761142a7d3c5ff
6XT0HcEyNMV2w8KgzlWiyp,https://i.scdn.co/image/ab67616d00001e02726baae59080517397b2ead6
5yg2zyq60SDNNskfpLIF53,https://i.scdn.co/image/ab67616d00001e0227fe3ef6873c00135a49d7fb
0Ps7lWZdj1NAuyAVumclyC,https://i.scdn.co/image/ab67616d00001e02673ce5ba3c125470e36ecff9
7104Flzq5GHvWEShbNKQxA,https://i.scdn.co/image/ab67616d00001e027f41c0c85e10ce786b7846d9
0UiWxjAyhxP1GWB1avZxw7,https://i.scdn.co/image/ab67616d00001e027f41c0c85e10ce786b7846d9
0lnhypJuR75F6rdfAbR4zU,https://i.scdn.co/image/ab67616d00001e0299aa1a7878bfb3075d81ebc6
73QrFjT6dth8UlR7vFOFVM,https://i.scdn.co/image/ab67616d00001e02da54b6edee7dcfde6c258f14
4LhLMRfbtYNJx1RN1t1hrY,https://i.scdn.co/image/ab67616d00001e02d863ad6936c58536b5541e68
3PK26tdYPKM3ZxEGVFZx7l,https://i.scdn.co/image/ab67616d00001e027f321a49a5fd18e4b2258118
4jU4aLKAPvap3vsrCjSksa,https://i.scdn.co/image/ab67616d00001e02bbcfc90b08ae94aef2c1fd97
7HWiw6fOuuaiu6Rfycl2MK,https://i.scdn.co/image/ab67616d00001e02a1b7f6c0129ee7bdf0671767
04fYoQSUTfPhVjyW8aXkix,https://i.scdn.co/image/ab67616d00001e0208d1f43c3bc493595f1c3726
3SQfkWhrsHRY5XrG2QVT9p,https://i.scdn.co/image/ab67616d00001e029d68f4c3c98d2c048721e113
1A3V5KsalUFXI71DWWF0sI,https://i.scdn.co/image/ab67616d00001e0224f3ca794c241a2673b8c9a2
6YcBBZVKYYRirfeAt6BeGA,https://i.scdn.co/image/ab67616d00001e0224f3ca794c241a2673b8c9a2
1wIfq9Zul77qAtokyLTlXr,https://i.scdn.co/image/ab67616d00001e02812bfb4e32feb448e527e8b1
322xF47eamMLy7tFWtJHzF,https://i.scdn.co/image/ab67616d00001e02d264fb3cef2c16f758dfea9a
2GK50GRZi2bUlfjWTFh0M9,https://i.scdn.co/image/ab67616d00001e02e320672b4585fd0d2768a1ff
3ZwuZ4JUNNFKtiEXz0FTcO,https://i.scdn.co/image/ab67616d00001e02e320672b4585fd0d2768a1ff
0ew71PqPi7ehntkabL9W4c,https://i.scdn.co/image/ab67616d00001e02812bfb4e32feb448e527e8b1
1Xy7rlgMjkoWlwUSEk5sA4,https://i.scdn.co/image/ab67616d00001e0252412a0b39aa53f37bda4da1
5sTnEvT2F5ZL9oZvkzc4hA,https://i.scdn.co/image/ab67616d00001e02e0983779ce8a8af6b3e71d70
7lnRiEP7BHXuILXNY9MH8f,https://i.scdn.co/image/ab67616d00001e02e9310dd402654bc5748e319f
5kKsNyGl6HZcP5zIE4BRed,https://i.scdn.co/image/ab67616d00001e024978a4319d4508c3cf2e6151
4SKWCWN19DP3UmyDC6mJnR,https://i.scdn.co/image/ab67616d00001e02c67ff68c291f95c00728c441
5v7gCLVyLgpO5L6zdeXULd,https://i.scdn.co/image/ab67616d00001e02453744769f58164eb7dd90c8
19AGm2GJrK8AumRTKG11yH,https://i.scdn.co/image/ab67616d00001e02e9a1a2b2420b6e77c4e67e0b
709CXottAkQWL83UqsilQc,https://i.scdn.co/image/ab67616d00001e022532f2da7240d366d62b44e9
2S41NYKvhfm94DbWLjLUmH,https://i.scdn.co/image/ab67616d00001e022532f2da7240d366d62b44e9
5TlDfxLiOA0f3uVE0mQKM9,https://i.scdn.co/image/ab67616d00001e0248c1d6b2a33fa21eba1a5adb
22yJTeCvdHMX7iEjJv4OrM,https://i.scdn.co/image/ab67616d00001e02e9a1a2b2420b6e77c4e67e0b
3sbiWintdzwuG55UgXHXFc,https://i.scdn.co/image/ab67616d00001e02c8f6c944319c42e07ec8f136
3lxMMLhHcctD8jux719V14,https://i.scdn.co/image/ab67616d00001e028d54751f32b63da144300555
2VzPECuzpyrb6i517pckGb,https://i.scdn.co/image/ab67616d00001e02bb79b24b6a45a4800b634dd7
0WsrXGGgS019oXTosbXxNQ,https://i.scdn.co/image/ab67616d00001e021ccfb3ed0a533a426429fcef
2kS5sUt0nYuHt2xPGxz5kK,https://i.scdn.co/image/ab67616d00001e027f41c0c85e10ce786b7846d9
7AmfSO5DbLqUU5WC8TDYfc,https://i.scdn.co/image/ab67616d00001e02e36289e105fdbfb733a9b0a8
2YtKuZx9DAtymnf0galH9I,https://i.scdn.co/image/ab67616d00001e02f326c47e69f1cc06320dc4ce
5eiNpDkx3NCypXdflFLt3f,https://i.scdn.co/image/ab67616d00001e02cbbcbf8e26279129bdfe6221
5jsCTJp7TLsfDnADI861qf,https://i.scdn.co/image/ab67616d00001e0248c1d6b2a33fa21eba1a5adb
6HExlCnMKR4CdHfJE2aJmg,https://i.scdn.co/image/ab67616d00001e02794a0b25b93260b55186898f
6m6cjWumORhJvPPfamPE2u,https://i.scdn.co/image/ab67616d00001e02a5057db36dfaf39e6588b03d
3hE9GdVjYRK57vADwEKZiK,https://i.scdn.co/image/ab67616d00001e023e7581b3c31686649922f62f
43ccVkanxQw4Nr9wc8aclN,https://i.scdn.co/image/ab67616d00001e0227fe3ef6873c00135a49d7fb
4nfrEiEPXQ4eKmz0JUJGzd,https://i.scdn.co/image/ab67616d00001e021187a531854a765f273b6da6
6l5EnqPcPqQJluoJaT9z3f,https://i.scdn.co/image/ab67616d00001e02aa88b57fe7e5cbe912644688
04ZEwmgy0nImMrtKbtveop,https://i.scdn.co/image/ab67616d00001e02584584b5a575846ea95bb7fe
61qI26SnQfQttWyntdtWOL,https://i.scdn.co/image/ab67616d00001e0248c1d6b2a33fa21eba1a5adb
3JNgvfMjwnAlA45Jt190rI,https://i.scdn.co/image/ab67616d00001e0248c1d6b2a33fa21eba1a5adb
5QhuzWmQN76bvbUjNy3AWM,https://i.scdn.co/image/ab67616d00001e02dacc8eaa852843677a1a0b53
4RZ6zC1uHmEtqnw8xlb4z6,https://i.scdn.co/image/ab67616d00001e02dacc8eaa852843677a1a0b53
3WqPXSsDs2yy4NI2ncn6PS,https://i.scdn.co/image/ab67616d00001e02dacc8eaa852843677a1a0b53
41jTngKME76TNpR6WSxAZV,https://i.scdn.co/image/ab67616d00001e02849b1dfc70a0ca601008c0fc
17t8w97umtBmeyitWE5C8Z,https://i.scdn.co/image/ab67616d00001e02928b15ddf2b1677a9477877b
6miX8bDSsmn5Fq5NvoTo1q,https://i.scdn.co/image/ab67616d00001e028fa466e19440e149fbbf83c3
6lgCke8lYWb0663BTK7J9k,https://i.scdn.co/image/ab67616d00001e025b2acd3eb5a290d6a01f80b6
7ACvDfmqOm46Rmmei03KOC,https://i.scdn.co/image/ab67616d00001e023adcf2a5c9441a504e869f9c
5DEkpDpMnNhS2DtykUBP9X,https://i.scdn.co/image/ab67616d00001e023adcf2a5c9441a504e869f9c
5UBC8xX1rOqxGFkvy0xIXu,https://i.scdn.co/image/ab67616d00001e023adcf2a5c9441a504e869f9c
1eUIhOKYG45Jz7xIdcNlbn,https://i.scdn.co/image/ab67616d00001e023adcf2a5c9441a504e869f9c
1qHQ6U2HSSddaH6LYs5M9t,https://i.scdn.co/image/ab67616d00001e023adcf2a5c9441a504e869f9c
2xMOwlzMJfyksroZ8s5PCh,https://i.scdn.co/image/ab67616d00001e02363f017a99dae51b23a860ec
4dJapUCeZXXlZV80tpjCtU,https://i.scdn.co/image/ab67616d00001e026ee6cd05238456ab7306279e
6MwmCJgyD6Rn752aY50lMV,https://i.scdn.co/image/ab67616d00001e0227fe3ef6873c00135a49d7fb
56vvQ3eHfIGtk6dtHYg027,https://i.scdn.co/image/ab67616d00001e02e171288ed1d009cb93f89cc8
4qf6wFvqzCV2mQUTlT7ZR7,https://i.scdn.co/image/ab67616d00001e02a10335d947a7d83ea0ff4277
3grlUawHZ70GY9gUWzbkfr,https://i.scdn.co/image/ab67616d00001e02610e81b25ce43795c72d4d8e
6yzPQShyXqUoR8y8GLbLwb,https://i.scdn.co/image/ab67616d00001e02f7789e11e91adde3b56249a0
6NKQu8xEJ0kIGen46avu4b,https://i.scdn.co/image/ab67616d00001e025c206445b5cb2ee93d193fb6
4eQFaZctZ9WSkSSvy05DT9,https://i.scdn.co/image/ab67616d00001e028f83ad8b7424503f79b40457
20GvRntcVUf2iB9yuN5jZ3,https://i.scdn.co/image/ab67616d00001e0240c3996bd929f9a16deacc06
5ZYeEfrY3sSuq5YnDcKKXH,https://i.scdn.co/image/ab67616d00001e02f2a4a004e1ad6a2e0197b6d6
3DlT3u5Ok51RSUXFlaK5pe,https://i.scdn.co/image/ab67616d00001e0212e54333d06ad34dcc07b89f
2LE0WvkrIsnfPmmdhtNS2W,https://i.scdn.co/image/ab67616d00001e02b67db713bde6c152991694eb
7w4kFO2slzHCu1qEOMaPkl,https://i.scdn.co/image/ab67616d00001e027de3e593378a463177b04c70
2kbxGCtWSV0f1ON720Bd4O,https://i.scdn.co/image/ab67616d00001e027de3e593378a463177b04c70
2GRemTPhTYOalTlStFduif,https://i.scdn.co/image/ab67616d00001e027de3e593378a463177b04c70
1kZwVm0A2GWyBm4Oi2BFGX,https://i.scdn.co/image/ab67616d00001e027de3e593378a463177b04c70
4RXjmJrLbH9DNROHHaMbNc,https://i.scdn.co/image/ab67616d00001e027de3e593378a463177b04c70
0BnSPtc7tGSvH0S51QW7Jz,https://i.scdn.co/image/ab67616d00001e0227fe3ef6873c00135a49d7fb
2sdlE4cgeOpbutRoa02zTz,https://i.scdn.co/image/ab67616d00001e0227fe3ef6873c00135a49d7fb
7L5fuuGg4eD6x4ljXtqmdO,https://i.scdn.co/image/ab67616d00001e0227fe3ef6873c00135a49d7fb
4njYQRAGrSYPVp1UGzZ8Kw,https://i.scdn.co/image/ab67616d00001e02515e187aade0b7726ef23453
66uyviqL8K1bwKmJHrxifM,https://i.scdn.co/image/ab67616d00001e02515e187aade0b7726ef23453
6RzRiSJL3QVZlyjA7NJPXC,https://i.scdn.co/image/ab67616d00001e02515e187aade0b7726ef23453
4GfQnZfyFa2YIPkPWWDRsJ,https://i.scdn.co/image/ab67616d00001e02515e187aade0b7726ef23453
4PRpGS9eZxjxiS1W9zjAXM,https://i.scdn.co/image/ab67616d00001e02f326c47e69f1cc06320dc4ce
08mHFRDUhiIybq23kKQuxS,https://i.scdn.co/image/ab67616d00001e02da54b6edee7dcfde6c258f14
6qRCOqXniatCkxHyojFMGG,https://i.scdn.co/image/ab67616d00001e023cfee3e85a400cdb1c9c443a
1Do2hDE0etMakAEQbyOd4L,https://i.scdn.co/image/ab67616d00001e02899981a7b34fa0365bbc828d
2Nqzkaitj5lDVreB9PXNTq,https://i.scdn.co/image/ab67616d00001e02f7789e11e91adde3b56249a0
59jNGPAHLYi7RNK1elEnuQ,https://i.scdn.co/image/ab67616d00001e02f7789e11e91adde3b56249a0
1Yqhvcd4mXTvwwTMfYBfIP,https://i.scdn.co/image/ab67616d00001e02f7789e11e91adde3b56249a0
7IPRyJWp0i9vgE2mDZ8kvk,https://i.scdn.co/image/ab67616d00001e029b12a60b4aa9b911b00862e4
2lJJ2lzTgeEiWOKLnGhv9C,https://i.scdn.co/image/ab67616d00001e029ed78c5805fc5fce6cdb256d
1cpJkWv0yzytrnm2hpN9CZ,https://i.scdn.co/image/ab67616d00001e029ed78c5805fc5fce6cdb256d
4BPgD5ENKsWWGYnP2cPnwC,https://i.scdn.co/image/ab67616d00001e029ed78c5805fc5fce6cdb256d
3pvccwkjr7LCawrB2Qi6dZ,https://i.scdn.co/image/ab67616d00001e02d264fb3cef2c16f758dfea9a
2LqMM3RDo4bUpbKkhDdKeC,https://i.scdn.co/image/ab67616d00001e02d264fb3cef2c16f758dfea9a
39zP9OV1MG8TeLZx3NaPPO,https://i.scdn.co/image/ab67616d00001e024472c65124202494f7489599
32E2AGkk15IU9JMZUGs7Ih,https://i.scdn.co/image/ab67616d00001e02e65a009ee1d734305681386c
4Qad5qCAVtYgvhFCzyIaUK,https://i.scdn.co/image/ab67616d00001e024bff93a9d4c99a8ba19b9e59
3ZUAuDavYW0KrYf1Q3fBDP,https://i.scdn.co/image/ab67616d00001e0237a8106ecd8980837831f3c9
3kKHUvSrR4wx3UhRb5bXaH,https://i.scdn.co/image/ab67616d00001e02132d90bb42b2dc3fda05dfde
19PknyOL6OWvABerPEyweT,https://i.scdn.co/image/ab67616d00001e02293055fbfea4bab8275d16c0
4DjNNA9DIXEBfHJlClhXnp,https://i.scdn.co/image/ab67616d00001e028463719650085b1cf579bf2c
5UqxWxUvi8xmHdH6ZF2Q1n,https://i.scdn.co/image/ab67616d00001e02d6ffcdd8022249a74cb67dd4
3OHrDiouGM4JAela32PaM0,https://i.scdn.co/image/ab67616d00001e025c206445b5cb2ee93d193fb6
1A1YlVucS5hugYaeWXfCA8,https://i.scdn.co/image/ab67616d00001e0224f3ca794c241a2673b8c9a2
4H9i4nEif5WYPPdxrnXBST,https://i.scdn.co/image/ab67616d00001e020be0d19fea4e68dbc837ca97
6uo2vc2N2oPz53Wa2Q6wck,https://i.scdn.co/image/ab67616d00001e020be0d19fea4e68dbc837ca97
5a9PH1WkqkAvC0HV4lbdOU,https://i.scdn.co/image/ab67616d00001e02d65c528b6cc6b11836b7559c
5TLFiGnxajzsG9aSdkFzep,https://i.scdn.co/image/ab67616d00001e028d54751f32b63da144300555
4tzRU8Fcu1uOqpddEcUOqe,https://i.scdn.co/image/ab67616d00001e028d54751f32b63da144300555
6wkNMxKNAVqWAX74oekg8a,https://i.scdn.co/image/ab67616d00001e028d54751f32b63da144300555
5tbpFtP9dx79PfWnhdRxqa,https://i.scdn.co/image/ab67616d00001e028d54751f32b63da144300555
44OEXE0l8fdx6oaKexx2G5,https://i.scdn.co/image/ab67616d00001e022b0c0a4d634c4e9d0bf8f0a7
4Y2gtTF7MsvurQaTjVOFzJ,https://i.scdn.co/image/ab67616d00001e022b0c0a4d634c4e9d0bf8f0a7
2ekjUEQvnyJTg2fw14Pssu,https://i.scdn.co/image/ab67616d00001e022b0c0a4d634c4e9d0bf8f0a7
5KKOAexy1Wi0J28J9OlrWz,https://i.scdn.co/image/ab67616d00001e021eba16afc4d223b61c21fefa
4AzEiQ2QHabBcRVWnORtRH,https://i.scdn.co/image/ab67616d00001e022b0c0a4d634c4e9d0bf8f0a7
3ofnkr6j3FLAHc2eTh9YnQ,https://i.scdn.co/image/ab67616d00001e029cd6fde9d6ce596ebf44ee0f
3x5GBpM7Dy4gckH5a2VN0f,https://i.scdn.co/image/ab67616d00001e029cd6fde9d6ce596ebf44ee0f
0wK8MG9pulX8sPu3Xw0Qg9,https://i.scdn.co/image/ab67616d00001e029cd6fde9d6ce596ebf44ee0f
0HSmwRxfOF0MMLiaQBt1FI,https://i.scdn.co/image/ab67616d00001e0282acf0ca3014cfb8745efb97
1CjXSN6vgWmniOCEycVFdN,https://i.scdn.co/image/ab67616d00001e02e9880adf2d476f7ff34824ee
3BuN7fullZ39d6TAacbr9Z,https://i.scdn.co/image/ab67616d00001e026daa83fe59f617fbfb6915f4
6NnNdKqpP51SvevNo9YmBP,https://i.scdn.co/image/ab67616d00001e0292e462482a1060d803436352
29XHlxkId36xZxAK3VMmMr,https://i.scdn.co/image/ab67616d00001e026daa83fe59f617fbfb6915f4
3gDyR9fDuWzKpNNeuqY6ib,https://i.scdn.co/image/ab67616d00001e026daa83fe59f617fbfb6915f4
1YrdJ8cJQuEkN1OBg2XosD,https://i.scdn.co/image/ab67616d00001e02f326c47e69f1cc06320dc4ce
1ZbfvUHBfdODgIL70sk6XR,https://i.scdn.co/image/ab67616d00001e02cd4b597d4ab359d5075e04c7
2HhUUQvHfYOxlSGGuuMLuR,https://i.scdn.co/image/ab67616d00001e027e9f98aee30ca626bd814de4
71ZoPzMauKtaHAfaAMbGmA,https://i.scdn.co/image/ab67616d00001e02e828fd01d4290c0142ff3e86
0uEtUhy8xAX1fJFiqNs5sr,https://i.scdn.co/image/ab67616d00001e022318539f1b037d942fafa581
6kAM0viWaq6gekCiLeu1ex,https://i.scdn.co/image/ab67616d00001e02aea503fb8d5b439f7fd47e64
09BF3kcZeMEG4Wzu0C4M9X,https://i.scdn.co/image/ab67616d00001e0274ed42c5c58aa81a014335f2
4oWyW7U9YVox9jqTar9k0V,https://i.scdn.co/image/ab67616d00001e0228c5ecaa48c4d0d9a32cb9a1
3qkoComBwdqR8ybOGo0jkw,https://i.scdn.co/image/ab67616d00001e02f52ac029b4974b9958fea06b
3r00sgm8aoOg6RyWR4t8hr,https://i.scdn.co/image/ab67616d00001e024f75d075ce6e7e9a68d593ee
2xgCGwiUEt8Z5AsWnwI5ba,https://i.scdn.co/image/ab67616d00001e024f75d075ce6e7e9a68d593ee
7j7fS14vlwVk0Pfnr0hovC,https://i.scdn.co/image/ab67616d00001e024f75d075ce6e7e9a68d593ee
2LLZkWMReCWhgTrHuRh6dV,https://i.scdn.co/image/ab67616d00001e024f75d075ce6e7e9a68d593ee
6AkFPJaJN6pPCeVGbf23Lu,https://i.scdn.co/image/ab67616d00001e024f75d075ce6e7e9a68d593ee
3hdzICQRCJZEO4KEH1cFTl,https://i.scdn.co/image/ab67616d00001e02be0933a48a011e51125012da
5AnTS2GAOnXjfBqDpEBCfx,https://i.scdn.co/image/ab67616d00001e026646cda5df7ee36c7127d38e
7rw8pxiIQCUwS10ocRHhCS,https://i.scdn.co/image/ab67616d00001e02dd1694f1d74f9d4d8604706e
40MlMSv2kkmph6XhYMOovm,https://i.scdn.co/image/ab67616d00001e024fcbb8d8c90dd576e13ce6b5
0Tm5ER6IrGfmW0yZ5lkQli,https://i.scdn.co/image/ab67616d00001e02d744505327de850d7569151f
6YhDs8isyaiVECBSViAFDS,https://i.scdn.co/image/ab67616d00001e023ed81f847d9bfc8a77080f0a
0Xm3PXjA4kXu2GxBhkLk61,https://i.scdn.co/image/ab67616d00001e02ab041b1a5273cfa910e22cbe
2IwpPKgQGzXIjGdJza2chX,https://i.scdn.co/image/ab67616d00001e02e8499851afa8a4ce0ff907d6
2js9xBYSV4wNrVykUK5vgs,https://i.scdn.co/image/ab67616d00001e0299ec20cc62783c677f70312a
1yotVCnfaPDvp9C7LsdGB1,https://i.scdn.co/image/ab67616d00001e02420e19b9b227b01b23c8d413
2UFCFbaNkwlQmWySJaGAFN,https://i.scdn.co/image/ab67616d00001e020225a1c1de504109df129a6c
5dnUb7ZJX4JNNyFbGzqO6h,https://i.scdn.co/image/ab67616d00001e02008ba50118361c6e97d13266
6kNr36b85fjPsGVIIYhHvh,https://i.scdn.co/image/ab67616d00001e0299ec20cc62783c677f70312a
3X61lP4xN7OPiM9dwitXV5,https://i.scdn.co/image/ab67616d00001e027a0f1df137de9645682a2b56
2ZkqC1bg2PTyjL1HvbFJCc,https://i.scdn.co/image/ab67616d00001e027a0f1df137de9645682a2b56
2t1hvZAQqu5LaYUv7BqXIr,https://i.scdn.co/image/ab67616d00001e020047ec228b799ee1dcaf6d26
4w4592PKZilgQoawzmyqJH,https://i.scdn.co/image/ab67616d00001e029a4c1ca02d810892098cd50a
5i2HAgKyxC6NRlsiAgofe8,https://i.scdn.co/image/ab67616d00001e029a4c1ca02d810892098cd50a
1qqkD9ygkdebzqDkUSW8fj,https://i.scdn.co/image/ab67616d00001e0262e114f7c0e606efe2e0e07a
2DoaVDkQT4g0lKmMNTwvTc,https://i.scdn.co/image/ab67616d00001e022a120ecf7480d7393e671fa9
3WCSV8CNDCekw7ISmvguLc,https://i.scdn.co/image/ab67616d00001e02558f3fae7cae2bd3bded6fec
3HgeP7vmbwjp0B5tAT6y0Q,https://i.scdn.co/image/ab67616d00001e02558f3fae7cae2bd3bded6fec
5TIP47AH2lL45dEEJWpNBZ,https://i.scdn.co/image/ab67616d00001e02bad1d90ae3dc7cee0e984974
4l4yXZ1ZpVVOzkZWfhaMh3,https://i.scdn.co/image/ab67616d00001e023e738ca40d1372dda203a41d
1baHxgYktT8eDdmtTozJF9,https://i.scdn.co/image/ab67616d00001e026411980cefbeb5196d898682
4zzttZti7oNKG9438Jmcm6,https://i.scdn.co/image/ab67616d00001e0251657dbd7dc8725e192171af
4dJrjWtAhEkW7VdPYSL1Ip,https://i.scdn.co/image/ab67616d00001e02b6a0a2631cc3de08fa8845b2
4N8imUAOtc65lNUcX3elNH,https://i.scdn.co/image/ab67616d00001e0212e332f1b2e0357681ded793
4H5TGjyk4AHSxgqRjqWQf1,https://i.scdn.co/image/ab67616d00001e02a77cf2710291f0531f9e76f1
1nLdzIq6U8wavefMS1fou7,https://i.scdn.co/image/ab67616d00001e0291a97523b77900c64acb50db
1Fu02XM48ETYDuxUVWWD9j,https://i.scdn.co/image/ab67616d00001e0263ccc1b268875423a7e7e945
7KqmDr9lTjwXnX5krMIKiC,https://i.scdn.co/image/ab67616d00001e02ce6a79d9bd62a43cdba025f6
4BRWG0mQqol30OG5xLIplN,https://i.scdn.co/image/ab67616d00001e02ce6a79d9bd62a43cdba025f6
4SwrKUWClv1t4HqK5SeMCo,https://i.scdn.co/image/ab67616d00001e02ce6a79d9bd62a43cdba025f6
11qgUXxN2YEGNOfDDUOT2K,https://i.scdn.co/image/ab67616d00001e02298d5f6b2d1d865bbff4aac7
1yvF9p2foDcHlCWeiiEvOL,https://i.scdn.co/image/ab67616d00001e02ec0e2b385cd88222e7bca87a
6JWMTqPAdsNd97qMtaT4FS,https://i.scdn.co/image/ab67616d00001e02ec0e2b385cd88222e7bca87a
5JYAku9HyqHaFlEMsPTLyD,https://i.scdn.co/image/ab67616d00001e0289251940dd4340cf8bb6ade7
3ed1L1nkuVAHBGo0xXfZFa,https://i.scdn.co/image/ab67616d00001e0289251940dd4340cf8bb6ade7
4vxEs5Y1BFE94bbGqjLdyt,https://i.scdn.co/image/ab67616d00001e02bb5953aed18985db180f0a8b
4WLcHJEf8XUV04mqwQlE0V,https://i.scdn.co/image/ab67616d00001e0223f9dbd1c3f49d79373d5d7b
5UGWz8FWNSd3GyqIEMWz7L,https://i.scdn.co/image/ab67616d00001e024a072af3db7270d5af800946
4U4taCe8tOBNGY3LEX4IV5,https://i.scdn.co/image/ab67616d00001e02707a6d31e1e7ceb65be7f9f3
6wfqzWOC7dGnNVdUGN2QQF,https://i.scdn.co/image/ab67616d00001e0297dccb3f4c7ec9d78b11ffd7
0T6V0zYOaT14dT0YkEwxea,https://i.scdn.co/image/ab67616d00001e02911128138ca6c0e3410f348c
74MBY76Ph3L36GIU9wwW7t,https://i.scdn.co/image/ab67616d00001e02e0c1886d6477be0665ff51b7
7i2chhxNX6wjdkEKkAWv31,https://i.scdn.co/image/ab67616d00001e028d54751f32b63da144300555
33d0aCkd8fJUtnLTNLDOxV,https://i.scdn.co/image/ab67616d00001e0279aafea7e67ee1ce6bad8cca
0gE66mura8DX4zUNbo78o0,https://i.scdn.co/image/ab67616d00001e0204463e4ad9382d54b8ed448e
0UzB95iEVpsMyY6k4C35ZA,https://i.scdn.co/image/ab67616d00001e0204463e4ad9382d54b8ed448e
2NlPuIRLy3YMN9Jb3UjDhm,https://i.scdn.co/image/ab67616d00001e0204463e4ad9382d54b8ed448e
2Racq7HrXkYvF8w9zXvlTp,https://i.scdn.co/image/ab67616d00001e0280738aa181d49ba3b4506485
0P91S7GzNACMcEDTnDo5BP,https://i.scdn.co/image/ab67616d00001e0224886bef8f289e124091f1af
2ek7Kziq9hdFAdvLslRIdj,https://i.scdn.co/image/ab67616d00001e027e9f98aee30ca626bd814de4
0CmXnoIhxUwHiaSQab2cnM,https://i.scdn.co/image/ab67616d00001e02e1bde42c47f2e33e896c5478
6Gu9A1Lgp1gYvQtYmzDN6o,https://i.scdn.co/image/ab67616d00001e02e3c345b473e5c5bd7526e0c7
2zsYYeyABsjLqphPCTAn5c,https://i.scdn.co/image/ab67616d00001e023ed90b6ebb6410d196de17d6
3wYQPfZmcfBQ7ZJFaR0jMS,https://i.scdn.co/image/ab67616d00001e02915521483cea3ee4f009b9ff
4cDEqjZXAqo7XlHq21RuT4,https://i.scdn.co/image/ab67616d00001e021e5f14a041de3d6cd339ca86
6zdikHQs2PBFgGIZBxqOeV,https://i.scdn.co/image/ab67616d00001e020d66934f5370419636c78f18
5Gd3pzjK9F7caWRS1fMD68,https://i.scdn.co/image/ab67616d00001e02f4ed7fcf0ad41f416974dc6d
102YVYHLNfgkfQP3qvDqsD,https://i.scdn.co/image/ab67616d00001e02afb3b966469add924abb08c3
0SSLKt27B0a71OqsPy0uoY,https://i.scdn.co/image/ab67616d00001e028f83ad8b7424503f79b40457
00QuXoF6LyKwH9xz7lXGdf,https://i.scdn.co/image/ab67616d00001e02d6f63aefe2221a24e7043827
6rZSYvC4KUK1wjJWwHXsce,https://i.scdn.co/image/ab67616d00001e026a7340a826f4daa045c0d5e2
1Jh7CXkyaXovNJpsnPAKAb,https://i.scdn.co/image/ab67616d00001e02e36289e105fdbfb733a9b0a8
0p0AuF581ZXbQosP1aCWQI,https://i.scdn.co/image/ab67616d00001e020ad732d8b56d37275ae87687
468DmIR7WVHAaZZXm4Zbpv,https://i.scdn.co/image/ab67616d00001e025ea8d32bc63340b1581281d8
1jmirxeOk6M7e81Om6PQss,https://i.scdn.co/image/ab67616d00001e029a841855f82df65951353933
2SSKpYIxQky3B9cVVNFwAI,https://i.scdn.co/image/ab67616d00001e024064c5e4a4aa994e5fc091ca
0aI4SOX8BknvAfOs607FlV,https://i.scdn.co/image/ab67616d00001e02e9880adf2d476f7ff34824ee
11Jc2Ei86hC883lhWp5IjE,https://i.scdn.co/image/ab67616d00001e025c206445b5cb2ee93d193fb6
1vKbVB1nOAVxUtqmNAstLw,https://i.scdn.co/image/ab67616d00001e026a58ef6a3be97c7d3e43b719
1n5gnI3Wue9WBpYFOIQNh1,https://i.scdn.co/image/ab67616d00001e02812bfb4e32feb448e527e8b1
1MTqeIucWQh0Bf4hatQWxt,https://i.scdn.co/image/ab67616d00001e020649a71950e692cf280de60b
0gFXblnV4ZfA5324gpqwQV,https://i.scdn.co/image/ab67616d00001e02a090c85439628e6d4c56ad9f
1VtdYjSQCelQZsHhaHIkkP,https://i.scdn.co/image/ab67616d00001e02a090c85439628e6d4c56ad9f
34UIACMGAJw6PKsLA2k3Gx,https://i.scdn.co/image/ab67616d00001e02360b04bb0a79239fc91f2ffe
43zT3oDEP3I5FiZWugfqCZ,https://i.scdn.co/image/ab67616d00001e028b895bdb8ccefee6ab65114b
6c7PIMv4Tlsc8IeUAcjgU0,https://i.scdn.co/image/ab67616d00001e02a3bd408c2c827058dc039181
5R8xtyAKDas6hRCXxR9ho6,https://i.scdn.co/image/ab67616d00001e02755ed7ed2d51f462c75fe768
1qfanYrmrh7xDSvt15acZ3,https://i.scdn.co/image/ab67616d00001e0296fa4201ff42cd2dcfef14c4
5jOi67yXzjpMdl6KFNWSIe,https://i.scdn.co/image/ab67616d00001e025db9a5994534b00e3ece84a9
4lGIy8N9aPgfUf04oFH2GS,https://i.scdn.co/image/ab67616d00001e022667b1d81f4313b1794f3178
2XnZASROVcPomGW8Mi1d9S,https://i.scdn.co/image/ab67616d00001e0248c1d6b2a33fa21eba1a5adb
3d5QewQBoSxyGo8OZENxyk,https://i.scdn.co/image/ab67616d00001e02519544a2d2cbadef42793d58
2E3iRXCURasIiR76lOUKbu,https://i.scdn.co/image/ab67616d00001e024ae2d1a1c9a90923eac70148
6NbuJCopBrbXyKz9zvoyCr,https://i.scdn.co/image/ab67616d00001e02eaa4b2dd2f0037ef135c420d
4zvwpmnKudoMEVpl0h2JKE,https://i.scdn.co/image/ab67616d00001e0274ebc5f5e4505d9da6490f32
1iw1gPykVHNROJnE3eCPeP,https://i.scdn.co/image/ab67616d00001e02ec76758ae8736d5004ac2e41
5PNZX8yqzqqAMPpl3UAoaP,https://i.scdn.co/image/ab67616d00001e02aa88b57fe7e5cbe912644688
13wIQbwSuQ4YFvDvtQgSVc,https://i.scdn.co/image/ab67616d00001e02555862c7f059ba85617a68ee
5UOFLYC30Ajp7woaZUHgw0,https://i.scdn.co/image/ab67616d00001e0212e332f1b2e0357681ded793
00bHxCcteaAJhU5WiP1mtf,https://i.scdn.co/image/ab67616d00001e02673ce5ba3c125470e36ecff9
1f8qyYxGtcBkFfB6jDK0C2,https://i.scdn.co/image/ab67616d00001e02360b04bb0a79239fc91f2ffe
2uqXfUERVBLa1heEoUTBlO,https://i.scdn.co/image/ab67616d00001e027de8959929372430846f570e
3gnWw0LToxswxfC6Eb8GBp,https://i.scdn.co/image/ab67616d00001e024f32c4b2cecc78e5e647ecd0
7LuYc1yBvfvvLC1O7Ng4v4,https://i.scdn.co/image/ab67616d00001e02ee0ad957e0c087b43df24911
0QPriddK8uzxoztsPBqGZc,https://i.scdn.co/image/ab67616d00001e02aace3376bb9d27d84b990a85
6WLYT0XAeH2uDOvWWIJe1V,https://i.scdn.co/image/ab67616d00001e025b2acd3eb5a290d6a01f80b6
3XtgjDkVhXeGTXmNtHnwpx,https://i.scdn.co/image/ab67616d00001e020ed6c741dcca049207d9b415
2GYzXSeNa3Y0BfIfS1VJj3,https://i.scdn.co/image/ab67616d00001e022eafab74725e28b1d69c12f7
7rNWXLeH3mRgnpvvRqrl7d,https://i.scdn.co/image/ab67616d00001e021ab1ea34a3acc1d7373ad802
4xKbcFZUckVvjN4VmxL1md,https://i.scdn.co/image/ab67616d00001e028ebdeb34a1cb18b83fed36c5
2GFC7k7pnEIvrcBWm5HmwK,https://i.scdn.co/image/ab67616d00001e02648a17049af11bd5ab425b9c
5NEGfbKMcNuEWOzpWufScA,https://i.scdn.co/image/ab67616d00001e029cd6fde9d6ce596ebf44ee0f
20ByUIwcqVJrelRQrnmOpT,https://i.scdn.co/image/ab67616d00001e02a77cf2710291f0531f9e76f1
20xkpWij36oGYQuE6yXVLN,https://i.scdn.co/image/ab67616d00001e02ca041663617f8a76265824d5
32VYgspXNXj0hPftALttUf,https://i.scdn.co/image/ab67616d00001e0279aafea7e67ee1ce6bad8cca
3yzG1rkCOieELsPAPj6x8f,https://i.scdn.co/image/ab67616d00001e0206b5973bc76a7e2556e2616a
0h6Xsod0tukW1ZKGiqaEqx,https://i.scdn.co/image/ab67616d00001e02a6a20804a8d1f0c5507c9083
3GoPqEYzMI9pKA1SeLJWp8,https://i.scdn.co/image/ab67616d00001e02182ab0edb26028faedbb17ad
3ME4YtXLDofYEegBxAlJwk,https://i.scdn.co/image/ab67616d00001e02e3a9c145d206bff9e4ecec96
7nKgVQXk9Z1Yg0CEfnEnPR,https://i.scdn.co/image/ab67616d00001e02e3a9c145d206bff9e4ecec96
2V1w45knEsiYygvis0MmzO,https://i.scdn.co/image/ab67616d00001e028872a5abb86b46e6dfdd706c
3mkPWelCxRQIebt50HB6iH,https://i.scdn.co/image/ab67616d00001e02fb28a69b4a27faf048a7b2d3
0w2Ip8rv99fIBZTa3Pu5CY,https://i.scdn.co/image/ab67616d00001e029d1cec6fe92071b76c1e7f57
4KJ6V1umnYtXASC7poAjwa,https://i.scdn.co/image/ab67616d00001e02cbfd4a2faea90b27a74ba6de
1TgVIOdcdsPx1sXyVE6aDz,https://i.scdn.co/image/ab67616d00001e02105a73df60d84f149d8ddb20
3hLDNoLv73lNLSjmyjDyuS,https://i.scdn.co/image/ab67616d00001e02105a73df60d84f149d8ddb20
6ivGpEUNJq7eLNAp7y1hvd,https://i.scdn.co/image/ab67616d00001e0258af3dd12a826cfe04e35c92
2HOYjQd1Znu5vORQ0grHjh,https://i.scdn.co/image/ab67616d00001e024f32c4b2cecc78e5e647ecd0
1Ywr5evCUdZ0yA2lS1Yekh,https://i.scdn.co/image/ab67616d00001e02423062cb31bfaec73370cd7d
2yVe3ybwXW9VwZ06N2iVK0,https://i.scdn.co/image/ab67616d00001e024d27ca575441aeb2d3782601
6I6mU9UGWVQSkbXrqHfLJe,https://i.scdn.co/image/ab67616d00001e02f97ce4babe76f5a979fade67
1GmdRxy1SKFc3wmgaqWkar,https://i.scdn.co/image/ab67616d00001e024e00d6f49bac0fca2e14ecdf
10TH7LO10wdqyxgKIK1Om6,https://i.scdn.co/image/ab67616d00001e0206b5973bc76a7e2556e2616a
2eVJthxYXXa15QKtp4tir9,https://i.scdn.co/image/ab67616d00001e02b9d7b3b51077a915b78d2d88
5grxO9GFZTtN2CVMlbEuIv,https://i.scdn.co/image/ab67616d00001e02aace3376bb9d27d84b990a85
609vugEuOXXvLeGA3bEzyc,https://i.scdn.co/image/ab67616d00001e022caf9e5208e23bf9f9499194
6ZsNSfsiwk3ufxbqIrw9LB,https://i.scdn.co/image/ab67616d00001e024a14ce42bd5adf1c304c342b
6CBUPK5N4sca0Pyjaait7g,https://i.scdn.co/image/ab67616d00001e02625516604e573cfa7967e394
3rBPBLxjhxkjwp92tKywQE,https://i.scdn.co/image/ab67616d00001e021afa22b321301e477dbc6731
6lINfLttHSl6Q0uGyCFVsw,https://i.scdn.co/image/ab67616d00001e022667b1d81f4313b1794f3178
3BAfp34TibXB9bxHe4rsff,https://i.scdn.co/image/ab67616d00001e022667b1d81f4313b1794f3178
4PXF1HCl9aioyYcpJSRCqp,https://i.scdn.co/image/ab67616d00001e022b0c0a4d634c4e9d0bf8f0a7
4wug8CdPbAg70VZd4cKzOy,https://i.scdn.co/image/ab67616d00001e0266be9f3cd2de257f1a551791
0XXd7ns2hbTuf5y8zSisw7,https://i.scdn.co/image/ab67616d00001e0208b6c1a5fa4008ff3811d36d
2oHBxI0rL1HLBME9eo0tqa,https://i.scdn.co/image/ab67616d00001e0208b6c1a5fa4008ff3811d36d
2b4nWymybHj38A6XtQijiA,https://i.scdn.co/image/ab67616d00001e020b7583ee78ad9c8e9c9e771f
6fg8EO6FzUOBvdcKR0EMJy,https://i.scdn.co/image/ab67616d00001e02f7021406e443394927e3da62
5KhKH476zkjKxraMZIo6in,https://i.scdn.co/image/ab67616d00001e02819d40c7d46bf2cf31ee1b23
7v3lM7VSTCBREBMDPwN6tZ,https://i.scdn.co/image/ab67616d00001e028d688a31286b8f855da5ec99
1Zz2yn4U08N7hw2OlWVP2j,https://i.scdn.co/image/ab67616d00001e02754a9cd83891c087aabab6b2
5RPAba2fEvGGUvkZQL2iIh,https://i.scdn.co/image/ab67616d00001e02ac4d6a2de33173770b8c3cdb
12xO0Y3nrWOsdwuWqQlpjp,https://i.scdn.co/image/ab67616d00001e02566ae73f2e86173beefe90a0
6nQp6Nxx1SwpOkze3Jf1Wo,https://i.scdn.co/image/ab67616d00001e021d95a687101bd4cd802c83a1
5TL3UHuEBRMPbAIAOiPJmc,https://i.scdn.co/image/ab67616d00001e021d95a687101bd4cd802c83a1
2kuoUgsRJ3vIOG5veesOdN,https://i.scdn.co/image/ab67616d00001e025b2acd3eb5a290d6a01f80b6
0JgkerFGp3uTpSe0UsAO2s,https://i.scdn.co/image/ab67616d00001e0232587fc3f781c283da95a439
3TiJ4LLsWbRWOX9i1MdTmW,https://i.scdn.co/image/ab67616d00001e020a9eb48eb8daf6047104e4e1
1jw3hfsdPJjBzJJ8ZVkC6o,https://i.scdn.co/image/ab67616d00001e02bdd1f9dbdf14382c85d18237
6ePfmi0YETmZ8VRKFtumJF,https://i.scdn.co/image/ab67616d00001e023c109ff8173d9ef320d90058
1PSz9VCtLOo4sgcFluNMPu,https://i.scdn.co/image/ab67616d00001e02fb28a69b4a27faf048a7b2d3
3s4s7szj5bYKpp3k6Gn4QT,https://i.scdn.co/image/ab67616d00001e0255aa5e79f7bb2d214f8f1c83
32j96Gl0BjQHAVdMPxin43,https://i.scdn.co/image/ab67616d00001e02b38e49885c59475828bae04d
3Qa4cVBq9Ko7nG0c3O52y4,https://i.scdn.co/image/ab67616d00001e02a905dc8804a19daa88ab6837
4vP3rarKvrhtcK2umoyq65,https://i.scdn.co/image/ab67616d00001e02dab04a069439d077d96afd3f
09Aw0CZ5wvFu9rrPuH3qgi,https://i.scdn.co/image/ab67616d00001e02fae8b192ea64f6c5dacf52d2
6ZiPlvGWMRVA2CB3A6iGod,https://i.scdn.co/image/ab67616d00001e0259a5e3f6a2f7f66ad44832c5
0xjHY8msh6kyrWXuMWOSdO,https://i.scdn.co/image/ab67616d00001e0287e20f3067fc9604cac70dd4
0k6AyJZ0n7kTkTrPGgkiYI,https://i.scdn.co/image/ab67616d00001e028f71c2435041a7504660aa13
668ZUFIUNRyIqOORiCfFY3,https://i.scdn.co/image/ab67616d00001e028c8936fc6488ee14d9db3e42
1zZTvax6SvPuoudxmfZfqV,https://i.scdn.co/image/ab67616d00001e02d262eadd9112b74edfae0458
2Fz7ZN67vnWqB0H6XcAsXG,https://i.scdn.co/image/ab67616d00001e028a24475f112713e524d9a070
7n5Jcqw85WSfJHrMXsk5N2,https://i.scdn.co/image/ab67616d00001e028d6df134128265744e1b4706
2WO5nzB7QtKn9ZRc9Jkalt,https://i.scdn.co/image/ab67616d00001e02812bfb4e32feb448e527e8b1
5h5jgfkYcU92Tt7bHT5Jgx,https://i.scdn.co/image/ab67616d00001e02b8504efae4eb2430d996ecdb
1YzMEit17ItUmqSgqyyal0,https://i.scdn.co/image/ab67616d00001e025db9a5994534b00e3ece84a9
5x0UeByKiMr1xxMQW8yzM1,https://i.scdn.co/image/ab67616d00001e02625516604e573cfa7967e394
4gmZ9uup1Jl1AyzLGHdgDQ,https://i.scdn.co/image/ab67616d00001e02ede4104fa17d6d5f94344b32
26drTTC70Sw1QFa2CpivJs,https://i.scdn.co/image/ab67616d00001e023df6572025d0f202bc31922e
0boz1twDCLAVifLgoxSKJb,https://i.scdn.co/image/ab67616d00001e02f928dcbc214e63338c32b7d9
